State,Congressional District (CD),Gender,Age Group,Date,Veteran
Alabama,CD 1,Female,65 and Over,9/30/2021,944.5957924
Alabama,CD 1,Female,Under 65,9/30/2021,4602.204617
Alabama,CD 1,Male,65 and Over,9/30/2021,24539.13339
Alabama,CD 1,Male,Under 65,9/30/2021,24522.236
Alabama,CD 2,Female,65 and Over,9/30/2021,1464.996095
Alabama,CD 2,Female,Under 65,9/30/2021,7752.053875
Alabama,CD 2,Male,65 and Over,9/30/2021,22464.50339
Alabama,CD 2,Male,Under 65,9/30/2021,30942.94729
Alabama,CD 3,Female,65 and Over,9/30/2021,1419.505319
Alabama,CD 3,Female,Under 65,9/30/2021,5412.238243
Alabama,CD 3,Male,65 and Over,9/30/2021,21455.20951
Alabama,CD 3,Male,Under 65,9/30/2021,26189.34276
Alabama,CD 4,Female,65 and Over,9/30/2021,963.3726241
Alabama,CD 4,Female,Under 65,9/30/2021,2410.821651
Alabama,CD 4,Male,65 and Over,9/30/2021,19750.57577
Alabama,CD 4,Male,Under 65,9/30/2021,18967.9919
Alabama,CD 5,Female,65 and Over,9/30/2021,1040.698006
Alabama,CD 5,Female,Under 65,9/30/2021,5430.959187
Alabama,CD 5,Male,65 and Over,9/30/2021,23683.74649
Alabama,CD 5,Male,Under 65,9/30/2021,27269.58486
Alabama,CD 6,Female,65 and Over,9/30/2021,1222.717806
Alabama,CD 6,Female,Under 65,9/30/2021,2953.678493
Alabama,CD 6,Male,65 and Over,9/30/2021,20780.36169
Alabama,CD 6,Male,Under 65,9/30/2021,18540.93939
Alabama,CD 7,Female,65 and Over,9/30/2021,964.5270877
Alabama,CD 7,Female,Under 65,9/30/2021,5659.693288
Alabama,CD 7,Male,65 and Over,9/30/2021,15526.40018
Alabama,CD 7,Male,Under 65,9/30/2021,20644.97202
Alaska,CD (at Large),Female,65 and Over,9/30/2021,1859.767483
Alaska,CD (at Large),Female,Under 65,9/30/2021,8052.412438
Alaska,CD (at Large),Male,65 and Over,9/30/2021,19746.91085
Alaska,CD (at Large),Male,Under 65,9/30/2021,37729.07029
Arizona,CD 1,Female,65 and Over,9/30/2021,1291.177811
Arizona,CD 1,Female,Under 65,9/30/2021,3464.675245
Arizona,CD 1,Male,65 and Over,9/30/2021,28391.93741
Arizona,CD 1,Male,Under 65,9/30/2021,19584.96907
Arizona,CD 2,Female,65 and Over,9/30/2021,2371.039708
Arizona,CD 2,Female,Under 65,9/30/2021,8212.47398
Arizona,CD 2,Male,65 and Over,9/30/2021,32997.92018
Arizona,CD 2,Male,Under 65,9/30/2021,33964.07709
Arizona,CD 3,Female,65 and Over,9/30/2021,657.9918604
Arizona,CD 3,Female,Under 65,9/30/2021,3462.784412
Arizona,CD 3,Male,65 and Over,9/30/2021,13347.52329
Arizona,CD 3,Male,Under 65,9/30/2021,19603.6233
Arizona,CD 4,Female,65 and Over,9/30/2021,3476.665428
Arizona,CD 4,Female,Under 65,9/30/2021,4324.595614
Arizona,CD 4,Male,65 and Over,9/30/2021,48899.29249
Arizona,CD 4,Male,Under 65,9/30/2021,24815.64802
Arizona,CD 5,Female,65 and Over,9/30/2021,1405.456442
Arizona,CD 5,Female,Under 65,9/30/2021,3613.398091
Arizona,CD 5,Male,65 and Over,9/30/2021,26182.2532
Arizona,CD 5,Male,Under 65,9/30/2021,23972.38894
Arizona,CD 6,Female,65 and Over,9/30/2021,1367.662021
Arizona,CD 6,Female,Under 65,9/30/2021,3419.423679
Arizona,CD 6,Male,65 and Over,9/30/2021,25885.44683
Arizona,CD 6,Male,Under 65,9/30/2021,18960.9003
Arizona,CD 7,Female,65 and Over,9/30/2021,552.6881927
Arizona,CD 7,Female,Under 65,9/30/2021,2841.51802
Arizona,CD 7,Male,65 and Over,9/30/2021,8469.388191
Arizona,CD 7,Male,Under 65,9/30/2021,15359.00886
Arizona,CD 8,Female,65 and Over,9/30/2021,1999.118785
Arizona,CD 8,Female,Under 65,9/30/2021,4988.142004
Arizona,CD 8,Male,65 and Over,9/30/2021,35897.42282
Arizona,CD 8,Male,Under 65,9/30/2021,27871.03133
Arizona,CD 9,Female,65 and Over,9/30/2021,1202.595979
Arizona,CD 9,Female,Under 65,9/30/2021,4016.140894
Arizona,CD 9,Male,65 and Over,9/30/2021,15786.42184
Arizona,CD 9,Male,Under 65,9/30/2021,20795.8832
Arkansas,CD 1,Female,65 and Over,9/30/2021,849.021933
Arkansas,CD 1,Female,Under 65,9/30/2021,3055.140035
Arkansas,CD 1,Male,65 and Over,9/30/2021,20499.90374
Arkansas,CD 1,Male,Under 65,9/30/2021,21366.4054
Arkansas,CD 2,Female,65 and Over,9/30/2021,945.8264653
Arkansas,CD 2,Female,Under 65,9/30/2021,5260.507639
Arkansas,CD 2,Male,65 and Over,9/30/2021,21533.67354
Arkansas,CD 2,Male,Under 65,9/30/2021,26721.81279
Arkansas,CD 3,Female,65 and Over,9/30/2021,673.5856157
Arkansas,CD 3,Female,Under 65,9/30/2021,3632.723578
Arkansas,CD 3,Male,65 and Over,9/30/2021,21212.72446
Arkansas,CD 3,Male,Under 65,9/30/2021,23763.43382
Arkansas,CD 4,Female,65 and Over,9/30/2021,1029.652311
Arkansas,CD 4,Female,Under 65,9/30/2021,3037.927927
Arkansas,CD 4,Male,65 and Over,9/30/2021,22075.97239
Arkansas,CD 4,Male,Under 65,9/30/2021,20026.95477
California,CD 1,Female,65 and Over,9/30/2021,1361.185684
California,CD 1,Female,Under 65,9/30/2021,3145.083174
California,CD 1,Male,65 and Over,9/30/2021,28932.60496
California,CD 1,Male,Under 65,9/30/2021,18856.30832
California,CD 10,Female,65 and Over,9/30/2021,826.3963485
California,CD 10,Female,Under 65,9/30/2021,2171.827928
California,CD 10,Male,65 and Over,9/30/2021,12322.91644
California,CD 10,Male,Under 65,9/30/2021,15054.82187
California,CD 11,Female,65 and Over,9/30/2021,761.0971471
California,CD 11,Female,Under 65,9/30/2021,1624.849732
California,CD 11,Male,65 and Over,9/30/2021,16963.45057
California,CD 11,Male,Under 65,9/30/2021,10266.29882
California,CD 12,Female,65 and Over,9/30/2021,561.674447
California,CD 12,Female,Under 65,9/30/2021,1383.74761
California,CD 12,Male,65 and Over,9/30/2021,9264.776554
California,CD 12,Male,Under 65,9/30/2021,10113.76413
California,CD 13,Female,65 and Over,9/30/2021,577.0857049
California,CD 13,Female,Under 65,9/30/2021,2126.831335
California,CD 13,Male,65 and Over,9/30/2021,10009.04459
California,CD 13,Male,Under 65,9/30/2021,10346.63157
California,CD 14,Female,65 and Over,9/30/2021,715.4934988
California,CD 14,Female,Under 65,9/30/2021,1108.829359
California,CD 14,Male,65 and Over,9/30/2021,11691.75867
California,CD 14,Male,Under 65,9/30/2021,8310.874708
California,CD 15,Female,65 and Over,9/30/2021,523.2770275
California,CD 15,Female,Under 65,9/30/2021,1713.346704
California,CD 15,Male,65 and Over,9/30/2021,10587.65764
California,CD 15,Male,Under 65,9/30/2021,11714.79929
California,CD 16,Female,65 and Over,9/30/2021,418.8987344
California,CD 16,Female,Under 65,9/30/2021,1612.584954
California,CD 16,Male,65 and Over,9/30/2021,9400.968567
California,CD 16,Male,Under 65,9/30/2021,10544.93474
California,CD 17,Female,65 and Over,9/30/2021,300.9804894
California,CD 17,Female,Under 65,9/30/2021,1305.202513
California,CD 17,Male,65 and Over,9/30/2021,8593.565902
California,CD 17,Male,Under 65,9/30/2021,7549.443454
California,CD 18,Female,65 and Over,9/30/2021,666.5143538
California,CD 18,Female,Under 65,9/30/2021,1273.372038
California,CD 18,Male,65 and Over,9/30/2021,13300.85865
California,CD 18,Male,Under 65,9/30/2021,8694.61525
California,CD 19,Female,65 and Over,9/30/2021,754.3975554
California,CD 19,Female,Under 65,9/30/2021,1560.346625
California,CD 19,Male,65 and Over,9/30/2021,8889.739975
California,CD 19,Male,Under 65,9/30/2021,11135.81087
California,CD 2,Female,65 and Over,9/30/2021,1290.434262
California,CD 2,Female,Under 65,9/30/2021,1859.714411
California,CD 2,Male,65 and Over,9/30/2021,21859.65058
California,CD 2,Male,Under 65,9/30/2021,11405.51657
California,CD 20,Female,65 and Over,9/30/2021,415.3389491
California,CD 20,Female,Under 65,9/30/2021,2473.118974
California,CD 20,Male,65 and Over,9/30/2021,14099.23369
California,CD 20,Male,Under 65,9/30/2021,12244.55463
California,CD 21,Female,65 and Over,9/30/2021,400.979989
California,CD 21,Female,Under 65,9/30/2021,1648.812138
California,CD 21,Male,65 and Over,9/30/2021,7141.924912
California,CD 21,Male,Under 65,9/30/2021,10234.62968
California,CD 22,Female,65 and Over,9/30/2021,721.3865413
California,CD 22,Female,Under 65,9/30/2021,2689.080123
California,CD 22,Male,65 and Over,9/30/2021,13465.35934
California,CD 22,Male,Under 65,9/30/2021,15353.08846
California,CD 23,Female,65 and Over,9/30/2021,1162.499385
California,CD 23,Female,Under 65,9/30/2021,3301.145456
California,CD 23,Male,65 and Over,9/30/2021,16363.44031
California,CD 23,Male,Under 65,9/30/2021,20414.63647
California,CD 24,Female,65 and Over,9/30/2021,927.5550488
California,CD 24,Female,Under 65,9/30/2021,2348.958432
California,CD 24,Male,65 and Over,9/30/2021,19838.19077
California,CD 24,Male,Under 65,9/30/2021,13913.78531
California,CD 25,Female,65 and Over,9/30/2021,597.3594548
California,CD 25,Female,Under 65,9/30/2021,2145.56731
California,CD 25,Male,65 and Over,9/30/2021,11728.1376
California,CD 25,Male,Under 65,9/30/2021,16031.91891
California,CD 26,Female,65 and Over,9/30/2021,783.2857761
California,CD 26,Female,Under 65,9/30/2021,2290.093106
California,CD 26,Male,65 and Over,9/30/2021,17399.60508
California,CD 26,Male,Under 65,9/30/2021,13097.30839
California,CD 27,Female,65 and Over,9/30/2021,405.9685886
California,CD 27,Female,Under 65,9/30/2021,1028.002994
California,CD 27,Male,65 and Over,9/30/2021,11279.33475
California,CD 27,Male,Under 65,9/30/2021,8023.969241
California,CD 28,Female,65 and Over,9/30/2021,316.5093955
California,CD 28,Female,Under 65,9/30/2021,1124.304489
California,CD 28,Male,65 and Over,9/30/2021,8079.206558
California,CD 28,Male,Under 65,9/30/2021,7005.348215
California,CD 29,Female,65 and Over,9/30/2021,325.0324006
California,CD 29,Female,Under 65,9/30/2021,1518.313893
California,CD 29,Male,65 and Over,9/30/2021,5246.621515
California,CD 29,Male,Under 65,9/30/2021,7633.925251
California,CD 3,Female,65 and Over,9/30/2021,1550.810425
California,CD 3,Female,Under 65,9/30/2021,5318.54881
California,CD 3,Male,65 and Over,9/30/2021,17831.15058
California,CD 3,Male,Under 65,9/30/2021,22126.53937
California,CD 30,Female,65 and Over,9/30/2021,347.9630796
California,CD 30,Female,Under 65,9/30/2021,1181.637243
California,CD 30,Male,65 and Over,9/30/2021,11908.72954
California,CD 30,Male,Under 65,9/30/2021,9309.477096
California,CD 31,Female,65 and Over,9/30/2021,541.8253123
California,CD 31,Female,Under 65,9/30/2021,2380.518276
California,CD 31,Male,65 and Over,9/30/2021,11421.12464
California,CD 31,Male,Under 65,9/30/2021,14422.38142
California,CD 32,Female,65 and Over,9/30/2021,295.3528028
California,CD 32,Female,Under 65,9/30/2021,1025.900094
California,CD 32,Male,65 and Over,9/30/2021,8196.446488
California,CD 32,Male,Under 65,9/30/2021,9775.264759
California,CD 33,Female,65 and Over,9/30/2021,626.1581893
California,CD 33,Female,Under 65,9/30/2021,1585.369611
California,CD 33,Male,65 and Over,9/30/2021,15188.35808
California,CD 33,Male,Under 65,9/30/2021,8147.844759
California,CD 34,Female,65 and Over,9/30/2021,236.3492378
California,CD 34,Female,Under 65,9/30/2021,858.1311962
California,CD 34,Male,65 and Over,9/30/2021,3761.359479
California,CD 34,Male,Under 65,9/30/2021,7550.937002
California,CD 35,Female,65 and Over,9/30/2021,260.1434397
California,CD 35,Female,Under 65,9/30/2021,1343.268725
California,CD 35,Male,65 and Over,9/30/2021,7463.486988
California,CD 35,Male,Under 65,9/30/2021,11016.27318
California,CD 36,Female,65 and Over,9/30/2021,1708.158241
California,CD 36,Female,Under 65,9/30/2021,1843.347873
California,CD 36,Male,65 and Over,9/30/2021,26918.50808
California,CD 36,Male,Under 65,9/30/2021,12426.59328
California,CD 37,Female,65 and Over,9/30/2021,446.2527257
California,CD 37,Female,Under 65,9/30/2021,1186.051531
California,CD 37,Male,65 and Over,9/30/2021,8497.039032
California,CD 37,Male,Under 65,9/30/2021,7566.685959
California,CD 38,Female,65 and Over,9/30/2021,319.9320948
California,CD 38,Female,Under 65,9/30/2021,1102.716905
California,CD 38,Male,65 and Over,9/30/2021,10506.90668
California,CD 38,Male,Under 65,9/30/2021,9898.765735
California,CD 39,Female,65 and Over,9/30/2021,445.1912813
California,CD 39,Female,Under 65,9/30/2021,1163.327211
California,CD 39,Male,65 and Over,9/30/2021,12696.32735
California,CD 39,Male,Under 65,9/30/2021,11365.36911
California,CD 4,Female,65 and Over,9/30/2021,823.307334
California,CD 4,Female,Under 65,9/30/2021,3038.773736
California,CD 4,Male,65 and Over,9/30/2021,31884.81201
California,CD 4,Male,Under 65,9/30/2021,17796.19211
California,CD 40,Female,65 and Over,9/30/2021,186.311165
California,CD 40,Female,Under 65,9/30/2021,699.4944307
California,CD 40,Male,65 and Over,9/30/2021,3037.78514
California,CD 40,Male,Under 65,9/30/2021,4157.258705
California,CD 41,Female,65 and Over,9/30/2021,724.4999584
California,CD 41,Female,Under 65,9/30/2021,2178.829399
California,CD 41,Male,65 and Over,9/30/2021,9711.505566
California,CD 41,Male,Under 65,9/30/2021,12392.61219
California,CD 42,Female,65 and Over,9/30/2021,854.0507133
California,CD 42,Female,Under 65,9/30/2021,3698.332263
California,CD 42,Male,65 and Over,9/30/2021,15036.55557
California,CD 42,Male,Under 65,9/30/2021,22171.33298
California,CD 43,Female,65 and Over,9/30/2021,557.8458789
California,CD 43,Female,Under 65,9/30/2021,1773.229527
California,CD 43,Male,65 and Over,9/30/2021,9377.870554
California,CD 43,Male,Under 65,9/30/2021,10781.89863
California,CD 44,Female,65 and Over,9/30/2021,358.2436201
California,CD 44,Female,Under 65,9/30/2021,1367.612865
California,CD 44,Male,65 and Over,9/30/2021,5601.744399
California,CD 44,Male,Under 65,9/30/2021,8131.684386
California,CD 45,Female,65 and Over,9/30/2021,482.7189596
California,CD 45,Female,Under 65,9/30/2021,2087.282539
California,CD 45,Male,65 and Over,9/30/2021,14089.12283
California,CD 45,Male,Under 65,9/30/2021,11738.10826
California,CD 46,Female,65 and Over,9/30/2021,254.0654514
California,CD 46,Female,Under 65,9/30/2021,768.3964049
California,CD 46,Male,65 and Over,9/30/2021,6735.452245
California,CD 46,Male,Under 65,9/30/2021,8121.001994
California,CD 47,Female,65 and Over,9/30/2021,605.2550637
California,CD 47,Female,Under 65,9/30/2021,2112.672115
California,CD 47,Male,65 and Over,9/30/2021,11771.73759
California,CD 47,Male,Under 65,9/30/2021,13028.59637
California,CD 48,Female,65 and Over,9/30/2021,807.0330264
California,CD 48,Female,Under 65,9/30/2021,1581.970252
California,CD 48,Male,65 and Over,9/30/2021,17757.64136
California,CD 48,Male,Under 65,9/30/2021,12204.19015
California,CD 49,Female,65 and Over,9/30/2021,908.8611383
California,CD 49,Female,Under 65,9/30/2021,5255.433895
California,CD 49,Male,65 and Over,9/30/2021,17799.61382
California,CD 49,Male,Under 65,9/30/2021,25712.44192
California,CD 5,Female,65 and Over,9/30/2021,916.8530869
California,CD 5,Female,Under 65,9/30/2021,2180.51523
California,CD 5,Male,65 and Over,9/30/2021,18707.29643
California,CD 5,Male,Under 65,9/30/2021,13868.66971
California,CD 50,Female,65 and Over,9/30/2021,1207.189122
California,CD 50,Female,Under 65,9/30/2021,5392.765636
California,CD 50,Male,65 and Over,9/30/2021,20527.77735
California,CD 50,Male,Under 65,9/30/2021,30744.97908
California,CD 51,Female,65 and Over,9/30/2021,461.7448412
California,CD 51,Female,Under 65,9/30/2021,4367.206112
California,CD 51,Male,65 and Over,9/30/2021,9948.325177
California,CD 51,Male,Under 65,9/30/2021,21249.29522
California,CD 52,Female,65 and Over,9/30/2021,1792.158943
California,CD 52,Female,Under 65,9/30/2021,5372.229
California,CD 52,Male,65 and Over,9/30/2021,19034.95756
California,CD 52,Male,Under 65,9/30/2021,30297.30305
California,CD 53,Female,65 and Over,9/30/2021,1575.988438
California,CD 53,Female,Under 65,9/30/2021,8555.469914
California,CD 53,Male,65 and Over,9/30/2021,17002.35512
California,CD 53,Male,Under 65,9/30/2021,38077.7517
California,CD 6,Female,65 and Over,9/30/2021,891.9529946
California,CD 6,Female,Under 65,9/30/2021,3627.306203
California,CD 6,Male,65 and Over,9/30/2021,13713.43226
California,CD 6,Male,Under 65,9/30/2021,16509.70753
California,CD 7,Female,65 and Over,9/30/2021,1531.921105
California,CD 7,Female,Under 65,9/30/2021,3699.065465
California,CD 7,Male,65 and Over,9/30/2021,20435.25139
California,CD 7,Male,Under 65,9/30/2021,19797.55288
California,CD 8,Female,65 and Over,9/30/2021,942.5140468
California,CD 8,Female,Under 65,9/30/2021,4050.190978
California,CD 8,Male,65 and Over,9/30/2021,19092.59782
California,CD 8,Male,Under 65,9/30/2021,22657.61903
California,CD 9,Female,65 and Over,9/30/2021,824.8072771
California,CD 9,Female,Under 65,9/30/2021,2736.992921
California,CD 9,Male,65 and Over,9/30/2021,14561.97414
California,CD 9,Male,Under 65,9/30/2021,15005.83264
Colorado,CD 1,Female,65 and Over,9/30/2021,740.8216309
Colorado,CD 1,Female,Under 65,9/30/2021,3538.918465
Colorado,CD 1,Male,65 and Over,9/30/2021,15876.05816
Colorado,CD 1,Male,Under 65,9/30/2021,20221.3335
Colorado,CD 2,Female,65 and Over,9/30/2021,1216.259307
Colorado,CD 2,Female,Under 65,9/30/2021,3379.129813
Colorado,CD 2,Male,65 and Over,9/30/2021,21435.62358
Colorado,CD 2,Male,Under 65,9/30/2021,20234.16146
Colorado,CD 3,Female,65 and Over,9/30/2021,1393.871891
Colorado,CD 3,Female,Under 65,9/30/2021,3545.37083
Colorado,CD 3,Male,65 and Over,9/30/2021,25875.94198
Colorado,CD 3,Male,Under 65,9/30/2021,21541.30762
Colorado,CD 4,Female,65 and Over,9/30/2021,1435.118192
Colorado,CD 4,Female,Under 65,9/30/2021,4118.60726
Colorado,CD 4,Male,65 and Over,9/30/2021,20492.81354
Colorado,CD 4,Male,Under 65,9/30/2021,22578.44871
Colorado,CD 5,Female,65 and Over,9/30/2021,2347.560741
Colorado,CD 5,Female,Under 65,9/30/2021,14605.12292
Colorado,CD 5,Male,65 and Over,9/30/2021,28613.27691
Colorado,CD 5,Male,Under 65,9/30/2021,57684.48309
Colorado,CD 6,Female,65 and Over,9/30/2021,1524.154685
Colorado,CD 6,Female,Under 65,9/30/2021,5229.399122
Colorado,CD 6,Male,65 and Over,9/30/2021,17562.0124
Colorado,CD 6,Male,Under 65,9/30/2021,25115.73909
Colorado,CD 7,Female,65 and Over,9/30/2021,990.9390855
Colorado,CD 7,Female,Under 65,9/30/2021,3263.226822
Colorado,CD 7,Male,65 and Over,9/30/2021,21358.44056
Colorado,CD 7,Male,Under 65,9/30/2021,21699.71995
Connecticut,CD 1,Female,65 and Over,9/30/2021,275.6725448
Connecticut,CD 1,Female,Under 65,9/30/2021,2128.143802
Connecticut,CD 1,Male,65 and Over,9/30/2021,14740.90285
Connecticut,CD 1,Male,Under 65,9/30/2021,13165.62626
Connecticut,CD 2,Female,65 and Over,9/30/2021,781.1282937
Connecticut,CD 2,Female,Under 65,9/30/2021,3211.496433
Connecticut,CD 2,Male,65 and Over,9/30/2021,20718.47378
Connecticut,CD 2,Male,Under 65,9/30/2021,19840.49115
Connecticut,CD 3,Female,65 and Over,9/30/2021,432.4274258
Connecticut,CD 3,Female,Under 65,9/30/2021,2155.608928
Connecticut,CD 3,Male,65 and Over,9/30/2021,15829.20452
Connecticut,CD 3,Male,Under 65,9/30/2021,12290.91796
Connecticut,CD 4,Female,65 and Over,9/30/2021,337.9416282
Connecticut,CD 4,Female,Under 65,9/30/2021,1150.613797
Connecticut,CD 4,Male,65 and Over,9/30/2021,12467.71259
Connecticut,CD 4,Male,Under 65,9/30/2021,7922.168268
Connecticut,CD 5,Female,65 and Over,9/30/2021,387.9764386
Connecticut,CD 5,Female,Under 65,9/30/2021,1932.331927
Connecticut,CD 5,Male,65 and Over,9/30/2021,15653.38432
Connecticut,CD 5,Male,Under 65,9/30/2021,12527.50223
Delaware,CD (at Large),Female,65 and Over,9/30/2021,1333.130297
Delaware,CD (at Large),Female,Under 65,9/30/2021,6003.52648
Delaware,CD (at Large),Male,65 and Over,9/30/2021,33830.78561
Delaware,CD (at Large),Male,Under 65,9/30/2021,27682.52407
Distric of Columbia,CD (at Large),Female,65 and Over,9/30/2021,798.8302932
Distric of Columbia,CD (at Large),Female,Under 65,9/30/2021,3370.304435
Distric of Columbia,CD (at Large),Male,65 and Over,9/30/2021,9471.277264
Distric of Columbia,CD (at Large),Male,Under 65,9/30/2021,14645.56031
Florida,CD 1,Female,65 and Over,9/30/2021,3071.946783
Florida,CD 1,Female,Under 65,9/30/2021,13793.80259
Florida,CD 1,Male,65 and Over,9/30/2021,34437.7304
Florida,CD 1,Male,Under 65,9/30/2021,54257.63995
Florida,CD 10,Female,65 and Over,9/30/2021,1677.318184
Florida,CD 10,Female,Under 65,9/30/2021,3839.400873
Florida,CD 10,Male,65 and Over,9/30/2021,13465.89225
Florida,CD 10,Male,Under 65,9/30/2021,21521.64871
Florida,CD 11,Female,65 and Over,9/30/2021,2240.659031
Florida,CD 11,Female,Under 65,9/30/2021,4452.504644
Florida,CD 11,Male,65 and Over,9/30/2021,59146.96116
Florida,CD 11,Male,Under 65,9/30/2021,24083.79486
Florida,CD 12,Female,65 and Over,9/30/2021,2505.206949
Florida,CD 12,Female,Under 65,9/30/2021,4823.121626
Florida,CD 12,Male,65 and Over,9/30/2021,37898.95677
Florida,CD 12,Male,Under 65,9/30/2021,24984.45803
Florida,CD 13,Female,65 and Over,9/30/2021,2365.281312
Florida,CD 13,Female,Under 65,9/30/2021,4824.301118
Florida,CD 13,Male,65 and Over,9/30/2021,30278.15346
Florida,CD 13,Male,Under 65,9/30/2021,24064.13371
Florida,CD 14,Female,65 and Over,9/30/2021,751.2439022
Florida,CD 14,Female,Under 65,9/30/2021,4821.432901
Florida,CD 14,Male,65 and Over,9/30/2021,16220.93196
Florida,CD 14,Male,Under 65,9/30/2021,21593.83677
Florida,CD 15,Female,65 and Over,9/30/2021,1474.100126
Florida,CD 15,Female,Under 65,9/30/2021,5885.192852
Florida,CD 15,Male,65 and Over,9/30/2021,23023.52728
Florida,CD 15,Male,Under 65,9/30/2021,27044.56678
Florida,CD 16,Female,65 and Over,9/30/2021,1751.506405
Florida,CD 16,Female,Under 65,9/30/2021,4863.368181
Florida,CD 16,Male,65 and Over,9/30/2021,42497.09494
Florida,CD 16,Male,Under 65,9/30/2021,23082.10991
Florida,CD 17,Female,65 and Over,9/30/2021,1915.798017
Florida,CD 17,Female,Under 65,9/30/2021,3785.754487
Florida,CD 17,Male,65 and Over,9/30/2021,47852.62104
Florida,CD 17,Male,Under 65,9/30/2021,20717.87859
Florida,CD 18,Female,65 and Over,9/30/2021,1083.641593
Florida,CD 18,Female,Under 65,9/30/2021,3377.593799
Florida,CD 18,Male,65 and Over,9/30/2021,34784.11446
Florida,CD 18,Male,Under 65,9/30/2021,20035.19689
Florida,CD 19,Female,65 and Over,9/30/2021,1369.934705
Florida,CD 19,Female,Under 65,9/30/2021,3279.192103
Florida,CD 19,Male,65 and Over,9/30/2021,44969.6146
Florida,CD 19,Male,Under 65,9/30/2021,17908.46704
Florida,CD 2,Female,65 and Over,9/30/2021,1771.943107
Florida,CD 2,Female,Under 65,9/30/2021,6152.021603
Florida,CD 2,Male,65 and Over,9/30/2021,29738.85782
Florida,CD 2,Male,Under 65,9/30/2021,30019.65713
Florida,CD 20,Female,65 and Over,9/30/2021,375.3345611
Florida,CD 20,Female,Under 65,9/30/2021,3000.909944
Florida,CD 20,Male,65 and Over,9/30/2021,9191.245559
Florida,CD 20,Male,Under 65,9/30/2021,14965.30088
Florida,CD 21,Female,65 and Over,9/30/2021,611.793959
Florida,CD 21,Female,Under 65,9/30/2021,2283.539741
Florida,CD 21,Male,65 and Over,9/30/2021,29206.48706
Florida,CD 21,Male,Under 65,9/30/2021,12671.0439
Florida,CD 22,Female,65 and Over,9/30/2021,780.1898981
Florida,CD 22,Female,Under 65,9/30/2021,2960.983342
Florida,CD 22,Male,65 and Over,9/30/2021,22272.25215
Florida,CD 22,Male,Under 65,9/30/2021,15287.39749
Florida,CD 23,Female,65 and Over,9/30/2021,494.07689
Florida,CD 23,Female,Under 65,9/30/2021,2441.298247
Florida,CD 23,Male,65 and Over,9/30/2021,12375.36169
Florida,CD 23,Male,Under 65,9/30/2021,14294.05104
Florida,CD 24,Female,65 and Over,9/30/2021,426.288147
Florida,CD 24,Female,Under 65,9/30/2021,2173.403869
Florida,CD 24,Male,65 and Over,9/30/2021,6111.251117
Florida,CD 24,Male,Under 65,9/30/2021,11205.50226
Florida,CD 25,Female,65 and Over,9/30/2021,460.6391897
Florida,CD 25,Female,Under 65,9/30/2021,1319.799007
Florida,CD 25,Male,65 and Over,9/30/2021,11447.10983
Florida,CD 25,Male,Under 65,9/30/2021,8634.227121
Florida,CD 26,Female,65 and Over,9/30/2021,396.1206098
Florida,CD 26,Female,Under 65,9/30/2021,2656.596772
Florida,CD 26,Male,65 and Over,9/30/2021,6741.730557
Florida,CD 26,Male,Under 65,9/30/2021,16070.65047
Florida,CD 27,Female,65 and Over,9/30/2021,435.0123842
Florida,CD 27,Female,Under 65,9/30/2021,1557.373637
Florida,CD 27,Male,65 and Over,9/30/2021,7704.328686
Florida,CD 27,Male,Under 65,9/30/2021,9493.401043
Florida,CD 3,Female,65 and Over,9/30/2021,1479.564685
Florida,CD 3,Female,Under 65,9/30/2021,6754.824399
Florida,CD 3,Male,65 and Over,9/30/2021,26369.14518
Florida,CD 3,Male,Under 65,9/30/2021,31415.90398
Florida,CD 4,Female,65 and Over,9/30/2021,1896.763794
Florida,CD 4,Female,Under 65,9/30/2021,7659.807745
Florida,CD 4,Male,65 and Over,9/30/2021,27168.63168
Florida,CD 4,Male,Under 65,9/30/2021,36446.04398
Florida,CD 5,Female,65 and Over,9/30/2021,1412.186436
Florida,CD 5,Female,Under 65,9/30/2021,7858.639789
Florida,CD 5,Male,65 and Over,9/30/2021,16282.07627
Florida,CD 5,Male,Under 65,9/30/2021,32389.61805
Florida,CD 6,Female,65 and Over,9/30/2021,2156.40804
Florida,CD 6,Female,Under 65,9/30/2021,4833.904885
Florida,CD 6,Male,65 and Over,9/30/2021,39660.38522
Florida,CD 6,Male,Under 65,9/30/2021,25844.31571
Florida,CD 7,Female,65 and Over,9/30/2021,1532.618598
Florida,CD 7,Female,Under 65,9/30/2021,4565.086738
Florida,CD 7,Male,65 and Over,9/30/2021,20579.17605
Florida,CD 7,Male,Under 65,9/30/2021,21837.40224
Florida,CD 8,Female,65 and Over,9/30/2021,3637.088382
Florida,CD 8,Female,Under 65,9/30/2021,6421.284642
Florida,CD 8,Male,65 and Over,9/30/2021,42198.28756
Florida,CD 8,Male,Under 65,9/30/2021,30132.12447
Florida,CD 9,Female,65 and Over,9/30/2021,1142.610128
Florida,CD 9,Female,Under 65,9/30/2021,4749.690156
Florida,CD 9,Male,65 and Over,9/30/2021,21749.73541
Florida,CD 9,Male,Under 65,9/30/2021,24454.23193
Georgia,CD 1,Female,65 and Over,9/30/2021,1618.934497
Georgia,CD 1,Female,Under 65,9/30/2021,10951.37268
Georgia,CD 1,Male,65 and Over,9/30/2021,21950.2256
Georgia,CD 1,Male,Under 65,9/30/2021,43658.61335
Georgia,CD 10,Female,65 and Over,9/30/2021,889.0906803
Georgia,CD 10,Female,Under 65,9/30/2021,4143.350415
Georgia,CD 10,Male,65 and Over,9/30/2021,19957.28668
Georgia,CD 10,Male,Under 65,9/30/2021,20233.86954
Georgia,CD 11,Female,65 and Over,9/30/2021,684.2369743
Georgia,CD 11,Female,Under 65,9/30/2021,4269.018799
Georgia,CD 11,Male,65 and Over,9/30/2021,18299.2163
Georgia,CD 11,Male,Under 65,9/30/2021,22022.85252
Georgia,CD 12,Female,65 and Over,9/30/2021,2015.874687
Georgia,CD 12,Female,Under 65,9/30/2021,8897.714315
Georgia,CD 12,Male,65 and Over,9/30/2021,19872.69274
Georgia,CD 12,Male,Under 65,9/30/2021,29878.46419
Georgia,CD 13,Female,65 and Over,9/30/2021,1210.061744
Georgia,CD 13,Female,Under 65,9/30/2021,8414.593087
Georgia,CD 13,Male,65 and Over,9/30/2021,16564.42118
Georgia,CD 13,Male,Under 65,9/30/2021,27853.69833
Georgia,CD 14,Female,65 and Over,9/30/2021,740.0828566
Georgia,CD 14,Female,Under 65,9/30/2021,3006.574717
Georgia,CD 14,Male,65 and Over,9/30/2021,16184.75548
Georgia,CD 14,Male,Under 65,9/30/2021,18812.57584
Georgia,CD 2,Female,65 and Over,9/30/2021,1122.565097
Georgia,CD 2,Female,Under 65,9/30/2021,6970.221272
Georgia,CD 2,Male,65 and Over,9/30/2021,17931.87491
Georgia,CD 2,Male,Under 65,9/30/2021,27972.16848
Georgia,CD 3,Female,65 and Over,9/30/2021,1254.593399
Georgia,CD 3,Female,Under 65,9/30/2021,5548.522129
Georgia,CD 3,Male,65 and Over,9/30/2021,22697.97688
Georgia,CD 3,Male,Under 65,9/30/2021,24781.76578
Georgia,CD 4,Female,65 and Over,9/30/2021,885.7490296
Georgia,CD 4,Female,Under 65,9/30/2021,6657.523969
Georgia,CD 4,Male,65 and Over,9/30/2021,14466.01709
Georgia,CD 4,Male,Under 65,9/30/2021,22568.48171
Georgia,CD 5,Female,65 and Over,9/30/2021,681.7908004
Georgia,CD 5,Female,Under 65,9/30/2021,4902.702266
Georgia,CD 5,Male,65 and Over,9/30/2021,12440.05202
Georgia,CD 5,Male,Under 65,9/30/2021,20778.29451
Georgia,CD 6,Female,65 and Over,9/30/2021,888.4544012
Georgia,CD 6,Female,Under 65,9/30/2021,3767.46754
Georgia,CD 6,Male,65 and Over,9/30/2021,15130.0909
Georgia,CD 6,Male,Under 65,9/30/2021,14438.13781
Georgia,CD 7,Female,65 and Over,9/30/2021,629.5755234
Georgia,CD 7,Female,Under 65,9/30/2021,3371.327591
Georgia,CD 7,Male,65 and Over,9/30/2021,13377.33046
Georgia,CD 7,Male,Under 65,9/30/2021,16553.30034
Georgia,CD 8,Female,65 and Over,9/30/2021,1326.524043
Georgia,CD 8,Female,Under 65,9/30/2021,7474.8908
Georgia,CD 8,Male,65 and Over,9/30/2021,19451.43745
Georgia,CD 8,Male,Under 65,9/30/2021,29350.60302
Georgia,CD 9,Female,65 and Over,9/30/2021,1488.261326
Georgia,CD 9,Female,Under 65,9/30/2021,2807.034731
Georgia,CD 9,Male,65 and Over,9/30/2021,27030.46923
Georgia,CD 9,Male,Under 65,9/30/2021,18398.97261
Hawaii,CD 1,Female,65 and Over,9/30/2021,787.8424434
Hawaii,CD 1,Female,Under 65,9/30/2021,6893.981334
Hawaii,CD 1,Male,65 and Over,9/30/2021,20056.9188
Hawaii,CD 1,Male,Under 65,9/30/2021,30946.96228
Hawaii,CD 2,Female,65 and Over,9/30/2021,854.3810661
Hawaii,CD 2,Female,Under 65,9/30/2021,4708.998503
Hawaii,CD 2,Male,65 and Over,9/30/2021,24194.16251
Hawaii,CD 2,Male,Under 65,9/30/2021,24313.13755
Idaho,CD 1,Female,65 and Over,9/30/2021,1759.066311
Idaho,CD 1,Female,Under 65,9/30/2021,5143.531414
Idaho,CD 1,Male,65 and Over,9/30/2021,33024.07049
Idaho,CD 1,Male,Under 65,9/30/2021,30166.12329
Idaho,CD 2,Female,65 and Over,9/30/2021,1574.111944
Idaho,CD 2,Female,Under 65,9/30/2021,3773.997667
Idaho,CD 2,Male,65 and Over,9/30/2021,23888.0916
Idaho,CD 2,Male,Under 65,9/30/2021,23207.38325
Illinois,CD 1,Female,65 and Over,9/30/2021,597.0298796
Illinois,CD 1,Female,Under 65,9/30/2021,2346.978909
Illinois,CD 1,Male,65 and Over,9/30/2021,14344.79573
Illinois,CD 1,Male,Under 65,9/30/2021,14600.55639
Illinois,CD 10,Female,65 and Over,9/30/2021,758.0215583
Illinois,CD 10,Female,Under 65,9/30/2021,2441.181845
Illinois,CD 10,Male,65 and Over,9/30/2021,12922.30562
Illinois,CD 10,Male,Under 65,9/30/2021,11955.63105
Illinois,CD 11,Female,65 and Over,9/30/2021,276.7291766
Illinois,CD 11,Female,Under 65,9/30/2021,1881.640298
Illinois,CD 11,Male,65 and Over,9/30/2021,13018.29455
Illinois,CD 11,Male,Under 65,9/30/2021,11874.02877
Illinois,CD 12,Female,65 and Over,9/30/2021,1083.073115
Illinois,CD 12,Female,Under 65,9/30/2021,5748.933278
Illinois,CD 12,Male,65 and Over,9/30/2021,22360.28379
Illinois,CD 12,Male,Under 65,9/30/2021,26158.98036
Illinois,CD 13,Female,65 and Over,9/30/2021,871.9009341
Illinois,CD 13,Female,Under 65,9/30/2021,3251.364796
Illinois,CD 13,Male,65 and Over,9/30/2021,19958.89779
Illinois,CD 13,Male,Under 65,9/30/2021,19529.44446
Illinois,CD 14,Female,65 and Over,9/30/2021,559.7896939
Illinois,CD 14,Female,Under 65,9/30/2021,2174.858483
Illinois,CD 14,Male,65 and Over,9/30/2021,17490.92721
Illinois,CD 14,Male,Under 65,9/30/2021,13898.52494
Illinois,CD 15,Female,65 and Over,9/30/2021,874.9819835
Illinois,CD 15,Female,Under 65,9/30/2021,3113.576747
Illinois,CD 15,Male,65 and Over,9/30/2021,22787.99478
Illinois,CD 15,Male,Under 65,9/30/2021,20402.11174
Illinois,CD 16,Female,65 and Over,9/30/2021,692.8644409
Illinois,CD 16,Female,Under 65,9/30/2021,2523.383959
Illinois,CD 16,Male,65 and Over,9/30/2021,20723.84445
Illinois,CD 16,Male,Under 65,9/30/2021,18238.14276
Illinois,CD 17,Female,65 and Over,9/30/2021,879.3662605
Illinois,CD 17,Female,Under 65,9/30/2021,2939.961637
Illinois,CD 17,Male,65 and Over,9/30/2021,21003.35267
Illinois,CD 17,Male,Under 65,9/30/2021,19008.47186
Illinois,CD 18,Female,65 and Over,9/30/2021,667.0184535
Illinois,CD 18,Female,Under 65,9/30/2021,3291.923888
Illinois,CD 18,Male,65 and Over,9/30/2021,22084.73547
Illinois,CD 18,Male,Under 65,9/30/2021,20666.75571
Illinois,CD 2,Female,65 and Over,9/30/2021,465.0591644
Illinois,CD 2,Female,Under 65,9/30/2021,2585.567295
Illinois,CD 2,Male,65 and Over,9/30/2021,15162.23224
Illinois,CD 2,Male,Under 65,9/30/2021,17864.31595
Illinois,CD 3,Female,65 and Over,9/30/2021,427.5152521
Illinois,CD 3,Female,Under 65,9/30/2021,1200.733516
Illinois,CD 3,Male,65 and Over,9/30/2021,13195.32229
Illinois,CD 3,Male,Under 65,9/30/2021,11245.33076
Illinois,CD 4,Female,65 and Over,9/30/2021,280.7217076
Illinois,CD 4,Female,Under 65,9/30/2021,1147.73005
Illinois,CD 4,Male,65 and Over,9/30/2021,4537.819669
Illinois,CD 4,Male,Under 65,9/30/2021,7004.109854
Illinois,CD 5,Female,65 and Over,9/30/2021,420.8103506
Illinois,CD 5,Female,Under 65,9/30/2021,1345.688535
Illinois,CD 5,Male,65 and Over,9/30/2021,9943.75737
Illinois,CD 5,Male,Under 65,9/30/2021,8245.843449
Illinois,CD 6,Female,65 and Over,9/30/2021,476.8828367
Illinois,CD 6,Female,Under 65,9/30/2021,1306.418114
Illinois,CD 6,Male,65 and Over,9/30/2021,15135.92776
Illinois,CD 6,Male,Under 65,9/30/2021,10964.90355
Illinois,CD 7,Female,65 and Over,9/30/2021,363.4133707
Illinois,CD 7,Female,Under 65,9/30/2021,2694.604484
Illinois,CD 7,Male,65 and Over,9/30/2021,8091.285422
Illinois,CD 7,Male,Under 65,9/30/2021,11633.26824
Illinois,CD 8,Female,65 and Over,9/30/2021,569.5434061
Illinois,CD 8,Female,Under 65,9/30/2021,1837.089947
Illinois,CD 8,Male,65 and Over,9/30/2021,10993.47126
Illinois,CD 8,Male,Under 65,9/30/2021,9958.294308
Illinois,CD 9,Female,65 and Over,9/30/2021,419.553614
Illinois,CD 9,Female,Under 65,9/30/2021,1583.649199
Illinois,CD 9,Male,65 and Over,9/30/2021,12189.1207
Illinois,CD 9,Male,Under 65,9/30/2021,7976.076956
Indiana,CD 1,Female,65 and Over,9/30/2021,615.4090863
Indiana,CD 1,Female,Under 65,9/30/2021,2909.734986
Indiana,CD 1,Male,65 and Over,9/30/2021,19900.71168
Indiana,CD 1,Male,Under 65,9/30/2021,18273.76694
Indiana,CD 2,Female,65 and Over,9/30/2021,760.4812538
Indiana,CD 2,Female,Under 65,9/30/2021,2534.100624
Indiana,CD 2,Male,65 and Over,9/30/2021,20406.692
Indiana,CD 2,Male,Under 65,9/30/2021,17854.0346
Indiana,CD 3,Female,65 and Over,9/30/2021,1010.391648
Indiana,CD 3,Female,Under 65,9/30/2021,2819.066742
Indiana,CD 3,Male,65 and Over,9/30/2021,19108.82655
Indiana,CD 3,Male,Under 65,9/30/2021,19023.35585
Indiana,CD 4,Female,65 and Over,9/30/2021,1158.208872
Indiana,CD 4,Female,Under 65,9/30/2021,3098.666605
Indiana,CD 4,Male,65 and Over,9/30/2021,19598.74098
Indiana,CD 4,Male,Under 65,9/30/2021,21377.28703
Indiana,CD 5,Female,65 and Over,9/30/2021,1161.346961
Indiana,CD 5,Female,Under 65,9/30/2021,3161.04863
Indiana,CD 5,Male,65 and Over,9/30/2021,20595.01203
Indiana,CD 5,Male,Under 65,9/30/2021,19173.22389
Indiana,CD 6,Female,65 and Over,9/30/2021,547.8621561
Indiana,CD 6,Female,Under 65,9/30/2021,2858.720482
Indiana,CD 6,Male,65 and Over,9/30/2021,21616.41445
Indiana,CD 6,Male,Under 65,9/30/2021,21991.13121
Indiana,CD 7,Female,65 and Over,9/30/2021,1058.465965
Indiana,CD 7,Female,Under 65,9/30/2021,4191.172451
Indiana,CD 7,Male,65 and Over,9/30/2021,14841.09916
Indiana,CD 7,Male,Under 65,9/30/2021,24097.31781
Indiana,CD 8,Female,65 and Over,9/30/2021,1071.175052
Indiana,CD 8,Female,Under 65,9/30/2021,2826.959166
Indiana,CD 8,Male,65 and Over,9/30/2021,22127.27023
Indiana,CD 8,Male,Under 65,9/30/2021,21025.55037
Indiana,CD 9,Female,65 and Over,9/30/2021,1124.349181
Indiana,CD 9,Female,Under 65,9/30/2021,3386.269262
Indiana,CD 9,Male,65 and Over,9/30/2021,21007.9794
Indiana,CD 9,Male,Under 65,9/30/2021,24075.39331
Iowa,CD 1,Female,65 and Over,9/30/2021,980.4868679
Iowa,CD 1,Female,Under 65,9/30/2021,3131.080661
Iowa,CD 1,Male,65 and Over,9/30/2021,25373.2478
Iowa,CD 1,Male,Under 65,9/30/2021,20571.91804
Iowa,CD 2,Female,65 and Over,9/30/2021,856.1658147
Iowa,CD 2,Female,Under 65,9/30/2021,3218.732602
Iowa,CD 2,Male,65 and Over,9/30/2021,22031.80757
Iowa,CD 2,Male,Under 65,9/30/2021,21542.4731
Iowa,CD 3,Female,65 and Over,9/30/2021,490.277884
Iowa,CD 3,Female,Under 65,9/30/2021,3490.187587
Iowa,CD 3,Male,65 and Over,9/30/2021,22197.05372
Iowa,CD 3,Male,Under 65,9/30/2021,23204.00927
Iowa,CD 4,Female,65 and Over,9/30/2021,960.7199468
Iowa,CD 4,Female,Under 65,9/30/2021,2806.20036
Iowa,CD 4,Male,65 and Over,9/30/2021,24589.32929
Iowa,CD 4,Male,Under 65,9/30/2021,19510.72162
Kansas,CD 1,Female,65 and Over,9/30/2021,1141.707499
Kansas,CD 1,Female,Under 65,9/30/2021,5202.96237
Kansas,CD 1,Male,65 and Over,9/30/2021,20363.55264
Kansas,CD 1,Male,Under 65,9/30/2021,26899.95436
Kansas,CD 2,Female,65 and Over,9/30/2021,873.1013557
Kansas,CD 2,Female,Under 65,9/30/2021,4336.97333
Kansas,CD 2,Male,65 and Over,9/30/2021,24168.48666
Kansas,CD 2,Male,Under 65,9/30/2021,23908.99562
Kansas,CD 3,Female,65 and Over,9/30/2021,760.0849982
Kansas,CD 3,Female,Under 65,9/30/2021,2719.693259
Kansas,CD 3,Male,65 and Over,9/30/2021,17283.42765
Kansas,CD 3,Male,Under 65,9/30/2021,17581.0401
Kansas,CD 4,Female,65 and Over,9/30/2021,1005.853215
Kansas,CD 4,Female,Under 65,9/30/2021,3946.427228
Kansas,CD 4,Male,65 and Over,9/30/2021,19209.6973
Kansas,CD 4,Male,Under 65,9/30/2021,23562.08878
Kentucky,CD 1,Female,65 and Over,9/30/2021,897.8343956
Kentucky,CD 1,Female,Under 65,9/30/2021,3994.834972
Kentucky,CD 1,Male,65 and Over,9/30/2021,20497.33628
Kentucky,CD 1,Male,Under 65,9/30/2021,26073.83319
Kentucky,CD 2,Female,65 and Over,9/30/2021,1066.033424
Kentucky,CD 2,Female,Under 65,9/30/2021,5358.323648
Kentucky,CD 2,Male,65 and Over,9/30/2021,24137.66016
Kentucky,CD 2,Male,Under 65,9/30/2021,28653.4224
Kentucky,CD 3,Female,65 and Over,9/30/2021,1050.898548
Kentucky,CD 3,Female,Under 65,9/30/2021,3718.905195
Kentucky,CD 3,Male,65 and Over,9/30/2021,20002.77646
Kentucky,CD 3,Male,Under 65,9/30/2021,21069.48816
Kentucky,CD 4,Female,65 and Over,9/30/2021,761.2451956
Kentucky,CD 4,Female,Under 65,9/30/2021,3056.896344
Kentucky,CD 4,Male,65 and Over,9/30/2021,21177.81641
Kentucky,CD 4,Male,Under 65,9/30/2021,21995.49058
Kentucky,CD 5,Female,65 and Over,9/30/2021,748.5919499
Kentucky,CD 5,Female,Under 65,9/30/2021,1770.837584
Kentucky,CD 5,Male,65 and Over,9/30/2021,17758.94382
Kentucky,CD 5,Male,Under 65,9/30/2021,16534.32646
Kentucky,CD 6,Female,65 and Over,9/30/2021,1538.284002
Kentucky,CD 6,Female,Under 65,9/30/2021,3381.384514
Kentucky,CD 6,Male,65 and Over,9/30/2021,17730.31963
Kentucky,CD 6,Male,Under 65,9/30/2021,21827.01887
Louisiana,CD 1,Female,65 and Over,9/30/2021,1084.489513
Louisiana,CD 1,Female,Under 65,9/30/2021,3792.032735
Louisiana,CD 1,Male,65 and Over,9/30/2021,19871.85034
Louisiana,CD 1,Male,Under 65,9/30/2021,21080.13851
Louisiana,CD 2,Female,65 and Over,9/30/2021,854.8477947
Louisiana,CD 2,Female,Under 65,9/30/2021,4775.771593
Louisiana,CD 2,Male,65 and Over,9/30/2021,13700.81327
Louisiana,CD 2,Male,Under 65,9/30/2021,20456.43623
Louisiana,CD 3,Female,65 and Over,9/30/2021,1777.722655
Louisiana,CD 3,Female,Under 65,9/30/2021,3918.208534
Louisiana,CD 3,Male,65 and Over,9/30/2021,19198.13319
Louisiana,CD 3,Male,Under 65,9/30/2021,22628.72078
Louisiana,CD 4,Female,65 and Over,9/30/2021,909.0829154
Louisiana,CD 4,Female,Under 65,9/30/2021,6904.656614
Louisiana,CD 4,Male,65 and Over,9/30/2021,21308.96816
Louisiana,CD 4,Male,Under 65,9/30/2021,30242.24249
Louisiana,CD 5,Female,65 and Over,9/30/2021,973.9913699
Louisiana,CD 5,Female,Under 65,9/30/2021,4026.282456
Louisiana,CD 5,Male,65 and Over,9/30/2021,19501.90639
Louisiana,CD 5,Male,Under 65,9/30/2021,21983.67822
Louisiana,CD 6,Female,65 and Over,9/30/2021,771.027397
Louisiana,CD 6,Female,Under 65,9/30/2021,3955.692861
Louisiana,CD 6,Male,65 and Over,9/30/2021,18810.06792
Louisiana,CD 6,Male,Under 65,9/30/2021,20472.06488
Maine,CD 1,Female,65 and Over,9/30/2021,1326.213916
Maine,CD 1,Female,Under 65,9/30/2021,3490.391707
Maine,CD 1,Male,65 and Over,9/30/2021,26106.1702
Maine,CD 1,Male,Under 65,9/30/2021,21317.50245
Maine,CD 2,Female,65 and Over,9/30/2021,1466.583046
Maine,CD 2,Female,Under 65,9/30/2021,3607.938074
Maine,CD 2,Male,65 and Over,9/30/2021,25505.8266
Maine,CD 2,Male,Under 65,9/30/2021,24012.93208
Maryland,CD 1,Female,65 and Over,9/30/2021,1031.036617
Maryland,CD 1,Female,Under 65,9/30/2021,3832.585418
Maryland,CD 1,Male,65 and Over,9/30/2021,24896.98871
Maryland,CD 1,Male,Under 65,9/30/2021,22005.09307
Maryland,CD 2,Female,65 and Over,9/30/2021,1204.835197
Maryland,CD 2,Female,Under 65,9/30/2021,6357.548994
Maryland,CD 2,Male,65 and Over,9/30/2021,16334.40269
Maryland,CD 2,Male,Under 65,9/30/2021,24923.61136
Maryland,CD 3,Female,65 and Over,9/30/2021,1748.778818
Maryland,CD 3,Female,Under 65,9/30/2021,5548.592045
Maryland,CD 3,Male,65 and Over,9/30/2021,19143.42551
Maryland,CD 3,Male,Under 65,9/30/2021,20912.77533
Maryland,CD 4,Female,65 and Over,9/30/2021,1300.304764
Maryland,CD 4,Female,Under 65,9/30/2021,6305.279133
Maryland,CD 4,Male,65 and Over,9/30/2021,17853.75409
Maryland,CD 4,Male,Under 65,9/30/2021,22143.91476
Maryland,CD 5,Female,65 and Over,9/30/2021,2026.0129
Maryland,CD 5,Female,Under 65,9/30/2021,9490.138973
Maryland,CD 5,Male,65 and Over,9/30/2021,20343.0115
Maryland,CD 5,Male,Under 65,9/30/2021,32905.41084
Maryland,CD 6,Female,65 and Over,9/30/2021,1266.851898
Maryland,CD 6,Female,Under 65,9/30/2021,4111.615747
Maryland,CD 6,Male,65 and Over,9/30/2021,15233.12268
Maryland,CD 6,Male,Under 65,9/30/2021,19384.13829
Maryland,CD 7,Female,65 and Over,9/30/2021,1216.979719
Maryland,CD 7,Female,Under 65,9/30/2021,4400.537227
Maryland,CD 7,Male,65 and Over,9/30/2021,16775.1021
Maryland,CD 7,Male,Under 65,9/30/2021,17902.80596
Maryland,CD 8,Female,65 and Over,9/30/2021,1537.404211
Maryland,CD 8,Female,Under 65,9/30/2021,3314.277323
Maryland,CD 8,Male,65 and Over,9/30/2021,17120.22336
Maryland,CD 8,Male,Under 65,9/30/2021,15201.15078
Massachusetts,CD 1,Female,65 and Over,9/30/2021,603.2096935
Massachusetts,CD 1,Female,Under 65,9/30/2021,2946.660481
Massachusetts,CD 1,Male,65 and Over,9/30/2021,19297.76209
Massachusetts,CD 1,Male,Under 65,9/30/2021,18999.47427
Massachusetts,CD 2,Female,65 and Over,9/30/2021,687.9387059
Massachusetts,CD 2,Female,Under 65,9/30/2021,2481.065491
Massachusetts,CD 2,Male,65 and Over,9/30/2021,18634.52177
Massachusetts,CD 2,Male,Under 65,9/30/2021,15549.45985
Massachusetts,CD 3,Female,65 and Over,9/30/2021,545.8976894
Massachusetts,CD 3,Female,Under 65,9/30/2021,1824.33655
Massachusetts,CD 3,Male,65 and Over,9/30/2021,15052.24975
Massachusetts,CD 3,Male,Under 65,9/30/2021,15579.06006
Massachusetts,CD 4,Female,65 and Over,9/30/2021,827.6498814
Massachusetts,CD 4,Female,Under 65,9/30/2021,2014.094845
Massachusetts,CD 4,Male,65 and Over,9/30/2021,16121.14487
Massachusetts,CD 4,Male,Under 65,9/30/2021,13551.70183
Massachusetts,CD 5,Female,65 and Over,9/30/2021,617.6905622
Massachusetts,CD 5,Female,Under 65,9/30/2021,1399.243376
Massachusetts,CD 5,Male,65 and Over,9/30/2021,14814.52942
Massachusetts,CD 5,Male,Under 65,9/30/2021,9386.020236
Massachusetts,CD 6,Female,65 and Over,9/30/2021,814.7778817
Massachusetts,CD 6,Female,Under 65,9/30/2021,2145.274197
Massachusetts,CD 6,Male,65 and Over,9/30/2021,20216.68558
Massachusetts,CD 6,Male,Under 65,9/30/2021,14342.89149
Massachusetts,CD 7,Female,65 and Over,9/30/2021,476.3256097
Massachusetts,CD 7,Female,Under 65,9/30/2021,1571.698063
Massachusetts,CD 7,Male,65 and Over,9/30/2021,6598.982698
Massachusetts,CD 7,Male,Under 65,9/30/2021,8579.379342
Massachusetts,CD 8,Female,65 and Over,9/30/2021,507.6715151
Massachusetts,CD 8,Female,Under 65,9/30/2021,1794.605908
Massachusetts,CD 8,Male,65 and Over,9/30/2021,16237.44704
Massachusetts,CD 8,Male,Under 65,9/30/2021,14533.37461
Massachusetts,CD 9,Female,65 and Over,9/30/2021,1087.734233
Massachusetts,CD 9,Female,Under 65,9/30/2021,2738.790002
Massachusetts,CD 9,Male,65 and Over,9/30/2021,25597.81947
Massachusetts,CD 9,Male,Under 65,9/30/2021,17529.53475
Michigan,CD 1,Female,65 and Over,9/30/2021,1012.053458
Michigan,CD 1,Female,Under 65,9/30/2021,3489.831166
Michigan,CD 1,Male,65 and Over,9/30/2021,31616.14219
Michigan,CD 1,Male,Under 65,9/30/2021,22408.33435
Michigan,CD 10,Female,65 and Over,9/30/2021,878.5814796
Michigan,CD 10,Female,Under 65,9/30/2021,2640.055402
Michigan,CD 10,Male,65 and Over,9/30/2021,21342.7695
Michigan,CD 10,Male,Under 65,9/30/2021,16972.10924
Michigan,CD 11,Female,65 and Over,9/30/2021,463.8697633
Michigan,CD 11,Female,Under 65,9/30/2021,1915.318949
Michigan,CD 11,Male,65 and Over,9/30/2021,15928.67224
Michigan,CD 11,Male,Under 65,9/30/2021,13019.18831
Michigan,CD 12,Female,65 and Over,9/30/2021,779.6747244
Michigan,CD 12,Female,Under 65,9/30/2021,2462.380879
Michigan,CD 12,Male,65 and Over,9/30/2021,14407.42414
Michigan,CD 12,Male,Under 65,9/30/2021,14938.47852
Michigan,CD 13,Female,65 and Over,9/30/2021,742.6294777
Michigan,CD 13,Female,Under 65,9/30/2021,2542.315362
Michigan,CD 13,Male,65 and Over,9/30/2021,12687.61802
Michigan,CD 13,Male,Under 65,9/30/2021,15449.34489
Michigan,CD 14,Female,65 and Over,9/30/2021,550.6232329
Michigan,CD 14,Female,Under 65,9/30/2021,2576.223621
Michigan,CD 14,Male,65 and Over,9/30/2021,13800.79418
Michigan,CD 14,Male,Under 65,9/30/2021,11532.88479
Michigan,CD 2,Female,65 and Over,9/30/2021,946.7253265
Michigan,CD 2,Female,Under 65,9/30/2021,2821.455127
Michigan,CD 2,Male,65 and Over,9/30/2021,20338.25609
Michigan,CD 2,Male,Under 65,9/30/2021,17836.26627
Michigan,CD 3,Female,65 and Over,9/30/2021,849.9912914
Michigan,CD 3,Female,Under 65,9/30/2021,2681.404242
Michigan,CD 3,Male,65 and Over,9/30/2021,19727.51471
Michigan,CD 3,Male,Under 65,9/30/2021,17633.18793
Michigan,CD 4,Female,65 and Over,9/30/2021,901.6445358
Michigan,CD 4,Female,Under 65,9/30/2021,2657.919692
Michigan,CD 4,Male,65 and Over,9/30/2021,24580.23564
Michigan,CD 4,Male,Under 65,9/30/2021,18752.01292
Michigan,CD 5,Female,65 and Over,9/30/2021,794.6866566
Michigan,CD 5,Female,Under 65,9/30/2021,2829.067529
Michigan,CD 5,Male,65 and Over,9/30/2021,20849.26359
Michigan,CD 5,Male,Under 65,9/30/2021,19159.35566
Michigan,CD 6,Female,65 and Over,9/30/2021,1030.677964
Michigan,CD 6,Female,Under 65,9/30/2021,2758.016725
Michigan,CD 6,Male,65 and Over,9/30/2021,20179.04903
Michigan,CD 6,Male,Under 65,9/30/2021,18037.12756
Michigan,CD 7,Female,65 and Over,9/30/2021,862.8865992
Michigan,CD 7,Female,Under 65,9/30/2021,2792.625936
Michigan,CD 7,Male,65 and Over,9/30/2021,21396.15414
Michigan,CD 7,Male,Under 65,9/30/2021,18958.09641
Michigan,CD 8,Female,65 and Over,9/30/2021,550.4840332
Michigan,CD 8,Female,Under 65,9/30/2021,2299.78315
Michigan,CD 8,Male,65 and Over,9/30/2021,16898.36391
Michigan,CD 8,Male,Under 65,9/30/2021,15977.45291
Michigan,CD 9,Female,65 and Over,9/30/2021,605.692297
Michigan,CD 9,Female,Under 65,9/30/2021,2280.0787
Michigan,CD 9,Male,65 and Over,9/30/2021,18382.43991
Michigan,CD 9,Male,Under 65,9/30/2021,13755.46054
Minnesota,CD 1,Female,65 and Over,9/30/2021,899.9655177
Minnesota,CD 1,Female,Under 65,9/30/2021,2314.549712
Minnesota,CD 1,Male,65 and Over,9/30/2021,20254.62202
Minnesota,CD 1,Male,Under 65,9/30/2021,15511.80715
Minnesota,CD 2,Female,65 and Over,9/30/2021,460.0746789
Minnesota,CD 2,Female,Under 65,9/30/2021,3003.409099
Minnesota,CD 2,Male,65 and Over,9/30/2021,18510.81075
Minnesota,CD 2,Male,Under 65,9/30/2021,17089.41019
Minnesota,CD 3,Female,65 and Over,9/30/2021,609.4643765
Minnesota,CD 3,Female,Under 65,9/30/2021,2102.167846
Minnesota,CD 3,Male,65 and Over,9/30/2021,17984.56712
Minnesota,CD 3,Male,Under 65,9/30/2021,13191.40452
Minnesota,CD 4,Female,65 and Over,9/30/2021,938.6946075
Minnesota,CD 4,Female,Under 65,9/30/2021,2296.310172
Minnesota,CD 4,Male,65 and Over,9/30/2021,15238.33099
Minnesota,CD 4,Male,Under 65,9/30/2021,13670.71672
Minnesota,CD 5,Female,65 and Over,9/30/2021,522.0672891
Minnesota,CD 5,Female,Under 65,9/30/2021,2126.531506
Minnesota,CD 5,Male,65 and Over,9/30/2021,12669.17183
Minnesota,CD 5,Male,Under 65,9/30/2021,12623.07722
Minnesota,CD 6,Female,65 and Over,9/30/2021,509.3355526
Minnesota,CD 6,Female,Under 65,9/30/2021,2710.176314
Minnesota,CD 6,Male,65 and Over,9/30/2021,18087.64753
Minnesota,CD 6,Male,Under 65,9/30/2021,18495.8439
Minnesota,CD 7,Female,65 and Over,9/30/2021,922.1262835
Minnesota,CD 7,Female,Under 65,9/30/2021,2357.407071
Minnesota,CD 7,Male,65 and Over,9/30/2021,22533.47124
Minnesota,CD 7,Male,Under 65,9/30/2021,15843.28309
Minnesota,CD 8,Female,65 and Over,9/30/2021,1132.876124
Minnesota,CD 8,Female,Under 65,9/30/2021,3160.978164
Minnesota,CD 8,Male,65 and Over,9/30/2021,25874.39032
Minnesota,CD 8,Male,Under 65,9/30/2021,20631.61564
Mississippi,CD 1,Female,65 and Over,9/30/2021,722.5982186
Mississippi,CD 1,Female,Under 65,9/30/2021,3514.608365
Mississippi,CD 1,Male,65 and Over,9/30/2021,17848.41573
Mississippi,CD 1,Male,Under 65,9/30/2021,20848.63285
Mississippi,CD 2,Female,65 and Over,9/30/2021,1037.35294
Mississippi,CD 2,Female,Under 65,9/30/2021,3690.022449
Mississippi,CD 2,Male,65 and Over,9/30/2021,12799.00798
Mississippi,CD 2,Male,Under 65,9/30/2021,17854.98672
Mississippi,CD 3,Female,65 and Over,9/30/2021,779.896056
Mississippi,CD 3,Female,Under 65,9/30/2021,4057.451065
Mississippi,CD 3,Male,65 and Over,9/30/2021,16221.81636
Mississippi,CD 3,Male,Under 65,9/30/2021,20387.06117
Mississippi,CD 4,Female,65 and Over,9/30/2021,1405.672672
Mississippi,CD 4,Female,Under 65,9/30/2021,7103.140724
Mississippi,CD 4,Male,65 and Over,9/30/2021,23076.73497
Mississippi,CD 4,Male,Under 65,9/30/2021,31427.09411
Missouri,CD 1,Female,65 and Over,9/30/2021,959.8477443
Missouri,CD 1,Female,Under 65,9/30/2021,4039.970775
Missouri,CD 1,Male,65 and Over,9/30/2021,15778.04474
Missouri,CD 1,Male,Under 65,9/30/2021,19719.01537
Missouri,CD 2,Female,65 and Over,9/30/2021,888.7256516
Missouri,CD 2,Female,Under 65,9/30/2021,2891.328762
Missouri,CD 2,Male,65 and Over,9/30/2021,24589.75358
Missouri,CD 2,Male,Under 65,9/30/2021,15603.17894
Missouri,CD 3,Female,65 and Over,9/30/2021,927.8248534
Missouri,CD 3,Female,Under 65,9/30/2021,3310.9312
Missouri,CD 3,Male,65 and Over,9/30/2021,25938.62536
Missouri,CD 3,Male,Under 65,9/30/2021,23664.79446
Missouri,CD 4,Female,65 and Over,9/30/2021,1156.861086
Missouri,CD 4,Female,Under 65,9/30/2021,5641.05697
Missouri,CD 4,Male,65 and Over,9/30/2021,26715.02583
Missouri,CD 4,Male,Under 65,9/30/2021,29144.48681
Missouri,CD 5,Female,65 and Over,9/30/2021,926.5085248
Missouri,CD 5,Female,Under 65,9/30/2021,3911.309423
Missouri,CD 5,Male,65 and Over,9/30/2021,20888.39082
Missouri,CD 5,Male,Under 65,9/30/2021,22885.43736
Missouri,CD 6,Female,65 and Over,9/30/2021,963.9042702
Missouri,CD 6,Female,Under 65,9/30/2021,3599.995388
Missouri,CD 6,Male,65 and Over,9/30/2021,24468.71897
Missouri,CD 6,Male,Under 65,9/30/2021,23719.20998
Missouri,CD 7,Female,65 and Over,9/30/2021,1007.142911
Missouri,CD 7,Female,Under 65,9/30/2021,3675.29784
Missouri,CD 7,Male,65 and Over,9/30/2021,24682.74209
Missouri,CD 7,Male,Under 65,9/30/2021,25943.73458
Missouri,CD 8,Female,65 and Over,9/30/2021,1036.715629
Missouri,CD 8,Female,Under 65,9/30/2021,3414.461229
Missouri,CD 8,Male,65 and Over,9/30/2021,27117.58472
Missouri,CD 8,Male,Under 65,9/30/2021,24530.89477
Montana,CD (at Large),Female,65 and Over,9/30/2021,2345.454539
Montana,CD (at Large),Female,Under 65,9/30/2021,6939.662843
Montana,CD (at Large),Male,65 and Over,9/30/2021,40758.22002
Montana,CD (at Large),Male,Under 65,9/30/2021,38308.55845
Nebraska,CD 1,Female,65 and Over,9/30/2021,648.1638081
Nebraska,CD 1,Female,Under 65,9/30/2021,4253.349789
Nebraska,CD 1,Male,65 and Over,9/30/2021,18621.61495
Nebraska,CD 1,Male,Under 65,9/30/2021,21339.75218
Nebraska,CD 2,Female,65 and Over,9/30/2021,598.7526936
Nebraska,CD 2,Female,Under 65,9/30/2021,3826.402712
Nebraska,CD 2,Male,65 and Over,9/30/2021,15401.1618
Nebraska,CD 2,Male,Under 65,9/30/2021,21784.1685
Nebraska,CD 3,Female,65 and Over,9/30/2021,562.8954906
Nebraska,CD 3,Female,Under 65,9/30/2021,2378.857357
Nebraska,CD 3,Male,65 and Over,9/30/2021,19582.39347
Nebraska,CD 3,Male,Under 65,9/30/2021,15302.16156
Nevada,CD 1,Female,65 and Over,9/30/2021,1386.836326
Nevada,CD 1,Female,Under 65,9/30/2021,3043.735411
Nevada,CD 1,Male,65 and Over,9/30/2021,17615.30751
Nevada,CD 1,Male,Under 65,9/30/2021,18819.12033
Nevada,CD 2,Female,65 and Over,9/30/2021,1148.169818
Nevada,CD 2,Female,Under 65,9/30/2021,4112.380258
Nevada,CD 2,Male,65 and Over,9/30/2021,27340.33568
Nevada,CD 2,Male,Under 65,9/30/2021,23416.66363
Nevada,CD 3,Female,65 and Over,9/30/2021,1607.54762
Nevada,CD 3,Female,Under 65,9/30/2021,4906.879418
Nevada,CD 3,Male,65 and Over,9/30/2021,25785.9335
Nevada,CD 3,Male,Under 65,9/30/2021,26776.56473
Nevada,CD 4,Female,65 and Over,9/30/2021,1491.498424
Nevada,CD 4,Female,Under 65,9/30/2021,6654.179615
Nevada,CD 4,Male,65 and Over,9/30/2021,24588.03597
Nevada,CD 4,Male,Under 65,9/30/2021,29358.49106
New Hampshire,CD 1,Female,65 and Over,9/30/2021,1272.406013
New Hampshire,CD 1,Female,Under 65,9/30/2021,3222.952361
New Hampshire,CD 1,Male,65 and Over,9/30/2021,22749.5642
New Hampshire,CD 1,Male,Under 65,9/30/2021,21897.18096
New Hampshire,CD 2,Female,65 and Over,9/30/2021,1271.802565
New Hampshire,CD 2,Female,Under 65,9/30/2021,3346.090013
New Hampshire,CD 2,Male,65 and Over,9/30/2021,22907.76225
New Hampshire,CD 2,Male,Under 65,9/30/2021,20603.68504
New Jersey,CD 1,Female,65 and Over,9/30/2021,814.6876963
New Jersey,CD 1,Female,Under 65,9/30/2021,2237.258519
New Jersey,CD 1,Male,65 and Over,9/30/2021,16763.84222
New Jersey,CD 1,Male,Under 65,9/30/2021,14933.31878
New Jersey,CD 10,Female,65 and Over,9/30/2021,354.5326606
New Jersey,CD 10,Female,Under 65,9/30/2021,2086.865595
New Jersey,CD 10,Male,65 and Over,9/30/2021,7057.336926
New Jersey,CD 10,Male,Under 65,9/30/2021,11139.08547
New Jersey,CD 11,Female,65 and Over,9/30/2021,365.5201851
New Jersey,CD 11,Female,Under 65,9/30/2021,1312.165959
New Jersey,CD 11,Male,65 and Over,9/30/2021,15203.86518
New Jersey,CD 11,Male,Under 65,9/30/2021,9217.120662
New Jersey,CD 12,Female,65 and Over,9/30/2021,378.0692418
New Jersey,CD 12,Female,Under 65,9/30/2021,1702.771681
New Jersey,CD 12,Male,65 and Over,9/30/2021,11895.60578
New Jersey,CD 12,Male,Under 65,9/30/2021,9230.430136
New Jersey,CD 2,Female,65 and Over,9/30/2021,965.9080492
New Jersey,CD 2,Female,Under 65,9/30/2021,2825.431091
New Jersey,CD 2,Male,65 and Over,9/30/2021,19961.75744
New Jersey,CD 2,Male,Under 65,9/30/2021,16967.04194
New Jersey,CD 3,Female,65 and Over,9/30/2021,1007.875016
New Jersey,CD 3,Female,Under 65,9/30/2021,3653.837939
New Jersey,CD 3,Male,65 and Over,9/30/2021,23348.483
New Jersey,CD 3,Male,Under 65,9/30/2021,19164.18998
New Jersey,CD 4,Female,65 and Over,9/30/2021,701.8820414
New Jersey,CD 4,Female,Under 65,9/30/2021,1702.962855
New Jersey,CD 4,Male,65 and Over,9/30/2021,17964.80199
New Jersey,CD 4,Male,Under 65,9/30/2021,11304.22095
New Jersey,CD 5,Female,65 and Over,9/30/2021,278.0310705
New Jersey,CD 5,Female,Under 65,9/30/2021,1342.004845
New Jersey,CD 5,Male,65 and Over,9/30/2021,14579.71674
New Jersey,CD 5,Male,Under 65,9/30/2021,9647.204527
New Jersey,CD 6,Female,65 and Over,9/30/2021,330.8605213
New Jersey,CD 6,Female,Under 65,9/30/2021,1266.532365
New Jersey,CD 6,Male,65 and Over,9/30/2021,11102.40792
New Jersey,CD 6,Male,Under 65,9/30/2021,9362.069922
New Jersey,CD 7,Female,65 and Over,9/30/2021,588.8196143
New Jersey,CD 7,Female,Under 65,9/30/2021,1296.238114
New Jersey,CD 7,Male,65 and Over,9/30/2021,15584.95563
New Jersey,CD 7,Male,Under 65,9/30/2021,9274.933949
New Jersey,CD 8,Female,65 and Over,9/30/2021,179.2117144
New Jersey,CD 8,Female,Under 65,9/30/2021,1386.092186
New Jersey,CD 8,Male,65 and Over,9/30/2021,3943.242717
New Jersey,CD 8,Male,Under 65,9/30/2021,8498.176317
New Jersey,CD 9,Female,65 and Over,9/30/2021,391.0143122
New Jersey,CD 9,Female,Under 65,9/30/2021,906.3196141
New Jersey,CD 9,Male,65 and Over,9/30/2021,7469.569148
New Jersey,CD 9,Male,Under 65,9/30/2021,7269.996916
New Mexico,CD 1,Female,65 and Over,9/30/2021,1291.648215
New Mexico,CD 1,Female,Under 65,9/30/2021,4812.475233
New Mexico,CD 1,Male,65 and Over,9/30/2021,22054.95317
New Mexico,CD 1,Male,Under 65,9/30/2021,22560.6006
New Mexico,CD 2,Female,65 and Over,9/30/2021,1267.972329
New Mexico,CD 2,Female,Under 65,9/30/2021,3798.372359
New Mexico,CD 2,Male,65 and Over,9/30/2021,23146.45715
New Mexico,CD 2,Male,Under 65,9/30/2021,21274.7808
New Mexico,CD 3,Female,65 and Over,9/30/2021,1456.867345
New Mexico,CD 3,Female,Under 65,9/30/2021,4048.889072
New Mexico,CD 3,Male,65 and Over,9/30/2021,22663.4284
New Mexico,CD 3,Male,Under 65,9/30/2021,20000.88467
New York,CD 1,Female,65 and Over,9/30/2021,457.8623148
New York,CD 1,Female,Under 65,9/30/2021,1518.159615
New York,CD 1,Male,65 and Over,9/30/2021,17370.11013
New York,CD 1,Male,Under 65,9/30/2021,11835.46544
New York,CD 10,Female,65 and Over,9/30/2021,213.341441
New York,CD 10,Female,Under 65,9/30/2021,871.3372393
New York,CD 10,Male,65 and Over,9/30/2021,7047.343904
New York,CD 10,Male,Under 65,9/30/2021,4957.215713
New York,CD 11,Female,65 and Over,9/30/2021,283.0449684
New York,CD 11,Female,Under 65,9/30/2021,1190.9876
New York,CD 11,Male,65 and Over,9/30/2021,10433.81286
New York,CD 11,Male,Under 65,9/30/2021,7765.483011
New York,CD 12,Female,65 and Over,9/30/2021,203.4226397
New York,CD 12,Female,Under 65,9/30/2021,746.6444566
New York,CD 12,Male,65 and Over,9/30/2021,9119.873097
New York,CD 12,Male,Under 65,9/30/2021,5961.360745
New York,CD 13,Female,65 and Over,9/30/2021,209.8996444
New York,CD 13,Female,Under 65,9/30/2021,1765.749174
New York,CD 13,Male,65 and Over,9/30/2021,4371.527868
New York,CD 13,Male,Under 65,9/30/2021,9493.54067
New York,CD 14,Female,65 and Over,9/30/2021,147.5252348
New York,CD 14,Female,Under 65,9/30/2021,784.1824531
New York,CD 14,Male,65 and Over,9/30/2021,5104.379663
New York,CD 14,Male,Under 65,9/30/2021,5894.741651
New York,CD 15,Female,65 and Over,9/30/2021,161.2151051
New York,CD 15,Female,Under 65,9/30/2021,1393.328786
New York,CD 15,Male,65 and Over,9/30/2021,3212.9715
New York,CD 15,Male,Under 65,9/30/2021,7026.600632
New York,CD 16,Female,65 and Over,9/30/2021,383.6700256
New York,CD 16,Female,Under 65,9/30/2021,1404.021835
New York,CD 16,Male,65 and Over,9/30/2021,10303.96613
New York,CD 16,Male,Under 65,9/30/2021,7820.350779
New York,CD 17,Female,65 and Over,9/30/2021,380.3257904
New York,CD 17,Female,Under 65,9/30/2021,1050.560729
New York,CD 17,Male,65 and Over,9/30/2021,12434.11375
New York,CD 17,Male,Under 65,9/30/2021,7142.58821
New York,CD 18,Female,65 and Over,9/30/2021,945.6895325
New York,CD 18,Female,Under 65,9/30/2021,2367.265416
New York,CD 18,Male,65 and Over,9/30/2021,16360.8311
New York,CD 18,Male,Under 65,9/30/2021,13618.4196
New York,CD 19,Female,65 and Over,9/30/2021,639.8320279
New York,CD 19,Female,Under 65,9/30/2021,2306.310969
New York,CD 19,Male,65 and Over,9/30/2021,22000.26712
New York,CD 19,Male,Under 65,9/30/2021,16283.26989
New York,CD 2,Female,65 and Over,9/30/2021,462.996889
New York,CD 2,Female,Under 65,9/30/2021,1546.3778
New York,CD 2,Male,65 and Over,9/30/2021,13310.53474
New York,CD 2,Male,Under 65,9/30/2021,10435.38907
New York,CD 20,Female,65 and Over,9/30/2021,788.9190812
New York,CD 20,Female,Under 65,9/30/2021,2930.737486
New York,CD 20,Male,65 and Over,9/30/2021,18417.13814
New York,CD 20,Male,Under 65,9/30/2021,17297.51814
New York,CD 21,Female,65 and Over,9/30/2021,922.7751331
New York,CD 21,Female,Under 65,9/30/2021,4997.372412
New York,CD 21,Male,65 and Over,9/30/2021,21680.56925
New York,CD 21,Male,Under 65,9/30/2021,28190.49711
New York,CD 22,Female,65 and Over,9/30/2021,1044.506433
New York,CD 22,Female,Under 65,9/30/2021,2861.273953
New York,CD 22,Male,65 and Over,9/30/2021,20895.31506
New York,CD 22,Male,Under 65,9/30/2021,18509.43619
New York,CD 23,Female,65 and Over,9/30/2021,637.3546278
New York,CD 23,Female,Under 65,9/30/2021,3000.509636
New York,CD 23,Male,65 and Over,9/30/2021,21482.26208
New York,CD 23,Male,Under 65,9/30/2021,19642.33053
New York,CD 24,Female,65 and Over,9/30/2021,946.9148917
New York,CD 24,Female,Under 65,9/30/2021,2779.209827
New York,CD 24,Male,65 and Over,9/30/2021,19727.32696
New York,CD 24,Male,Under 65,9/30/2021,18304.41709
New York,CD 25,Female,65 and Over,9/30/2021,668.7669362
New York,CD 25,Female,Under 65,9/30/2021,2338.671868
New York,CD 25,Male,65 and Over,9/30/2021,16041.5115
New York,CD 25,Male,Under 65,9/30/2021,14057.26346
New York,CD 26,Female,65 and Over,9/30/2021,727.0968158
New York,CD 26,Female,Under 65,9/30/2021,2939.940699
New York,CD 26,Male,65 and Over,9/30/2021,19318.2942
New York,CD 26,Male,Under 65,9/30/2021,16872.81561
New York,CD 27,Female,65 and Over,9/30/2021,561.3629154
New York,CD 27,Female,Under 65,9/30/2021,2849.762833
New York,CD 27,Male,65 and Over,9/30/2021,22450.81105
New York,CD 27,Male,Under 65,9/30/2021,19086.26279
New York,CD 3,Female,65 and Over,9/30/2021,333.7509348
New York,CD 3,Female,Under 65,9/30/2021,866.1533346
New York,CD 3,Male,65 and Over,9/30/2021,15607.83759
New York,CD 3,Male,Under 65,9/30/2021,5453.663666
New York,CD 4,Female,65 and Over,9/30/2021,412.7588925
New York,CD 4,Female,Under 65,9/30/2021,1174.705197
New York,CD 4,Male,65 and Over,9/30/2021,12185.14118
New York,CD 4,Male,Under 65,9/30/2021,6932.034723
New York,CD 5,Female,65 and Over,9/30/2021,218.2128749
New York,CD 5,Female,Under 65,9/30/2021,1855.006102
New York,CD 5,Male,65 and Over,9/30/2021,6168.922378
New York,CD 5,Male,Under 65,9/30/2021,8894.503533
New York,CD 6,Female,65 and Over,9/30/2021,101.7314996
New York,CD 6,Female,Under 65,9/30/2021,544.6290344
New York,CD 6,Male,65 and Over,9/30/2021,6227.21006
New York,CD 6,Male,Under 65,9/30/2021,5206.942998
New York,CD 7,Female,65 and Over,9/30/2021,262.4226205
New York,CD 7,Female,Under 65,9/30/2021,678.6429586
New York,CD 7,Male,65 and Over,9/30/2021,3229.949256
New York,CD 7,Male,Under 65,9/30/2021,5997.259129
New York,CD 8,Female,65 and Over,9/30/2021,365.6695934
New York,CD 8,Female,Under 65,9/30/2021,2093.250312
New York,CD 8,Male,65 and Over,9/30/2021,5291.396622
New York,CD 8,Male,Under 65,9/30/2021,8775.304958
New York,CD 9,Female,65 and Over,9/30/2021,345.5290848
New York,CD 9,Female,Under 65,9/30/2021,1211.784935
New York,CD 9,Male,65 and Over,9/30/2021,4347.301073
New York,CD 9,Male,Under 65,9/30/2021,5618.278682
North Carolina,CD 1,Female,65 and Over,9/30/2021,1421.130385
North Carolina,CD 1,Female,Under 65,9/30/2021,4077.934768
North Carolina,CD 1,Male,65 and Over,9/30/2021,17272.99629
North Carolina,CD 1,Male,Under 65,9/30/2021,18796.6833
North Carolina,CD 10,Female,65 and Over,9/30/2021,938.2278414
North Carolina,CD 10,Female,Under 65,9/30/2021,3530.795294
North Carolina,CD 10,Male,65 and Over,9/30/2021,24054.42794
North Carolina,CD 10,Male,Under 65,9/30/2021,21059.04263
North Carolina,CD 11,Female,65 and Over,9/30/2021,1184.24185
North Carolina,CD 11,Female,Under 65,9/30/2021,3052.887741
North Carolina,CD 11,Male,65 and Over,9/30/2021,31838.16362
North Carolina,CD 11,Male,Under 65,9/30/2021,19591.83969
North Carolina,CD 12,Female,65 and Over,9/30/2021,530.1620017
North Carolina,CD 12,Female,Under 65,9/30/2021,5429.460961
North Carolina,CD 12,Male,65 and Over,9/30/2021,12618.24654
North Carolina,CD 12,Male,Under 65,9/30/2021,21841.05239
North Carolina,CD 13,Female,65 and Over,9/30/2021,1048.554991
North Carolina,CD 13,Female,Under 65,9/30/2021,3556.891942
North Carolina,CD 13,Male,65 and Over,9/30/2021,20516.34907
North Carolina,CD 13,Male,Under 65,9/30/2021,19240.20366
North Carolina,CD 2,Female,65 and Over,9/30/2021,1035.089524
North Carolina,CD 2,Female,Under 65,9/30/2021,6245.217865
North Carolina,CD 2,Male,65 and Over,9/30/2021,19008.23392
North Carolina,CD 2,Male,Under 65,9/30/2021,27843.43779
North Carolina,CD 3,Female,65 and Over,9/30/2021,1617.434053
North Carolina,CD 3,Female,Under 65,9/30/2021,9711.733816
North Carolina,CD 3,Male,65 and Over,9/30/2021,28644.97149
North Carolina,CD 3,Male,Under 65,9/30/2021,43445.55073
North Carolina,CD 4,Female,65 and Over,9/30/2021,1458.475016
North Carolina,CD 4,Female,Under 65,9/30/2021,4320.918072
North Carolina,CD 4,Male,65 and Over,9/30/2021,13915.28683
North Carolina,CD 4,Male,Under 65,9/30/2021,18697.706
North Carolina,CD 5,Female,65 and Over,9/30/2021,764.4469936
North Carolina,CD 5,Female,Under 65,9/30/2021,3079.279549
North Carolina,CD 5,Male,65 and Over,9/30/2021,23374.44778
North Carolina,CD 5,Male,Under 65,9/30/2021,17860.03437
North Carolina,CD 6,Female,65 and Over,9/30/2021,647.2288177
North Carolina,CD 6,Female,Under 65,9/30/2021,3619.601074
North Carolina,CD 6,Male,65 and Over,9/30/2021,21995.15299
North Carolina,CD 6,Male,Under 65,9/30/2021,20146.27969
North Carolina,CD 7,Female,65 and Over,9/30/2021,1131.389847
North Carolina,CD 7,Female,Under 65,9/30/2021,5341.537117
North Carolina,CD 7,Male,65 and Over,9/30/2021,29600.80835
North Carolina,CD 7,Male,Under 65,9/30/2021,26319.32876
North Carolina,CD 8,Female,65 and Over,9/30/2021,1377.329953
North Carolina,CD 8,Female,Under 65,9/30/2021,12470.52778
North Carolina,CD 8,Male,65 and Over,9/30/2021,23533.25408
North Carolina,CD 8,Male,Under 65,9/30/2021,41308.16487
North Carolina,CD 9,Female,65 and Over,9/30/2021,625.6983374
North Carolina,CD 9,Female,Under 65,9/30/2021,4612.562153
North Carolina,CD 9,Male,65 and Over,9/30/2021,19819.43142
North Carolina,CD 9,Male,Under 65,9/30/2021,23089.2612
North Dakota,CD (at Large),Female,65 and Over,9/30/2021,1103.035865
North Dakota,CD (at Large),Female,Under 65,9/30/2021,4724.010543
North Dakota,CD (at Large),Male,65 and Over,9/30/2021,20501.59567
North Dakota,CD (at Large),Male,Under 65,9/30/2021,26276.77685
Ohio,CD 1,Female,65 and Over,9/30/2021,589.186326
Ohio,CD 1,Female,Under 65,9/30/2021,3015.243715
Ohio,CD 1,Male,65 and Over,9/30/2021,18750.11347
Ohio,CD 1,Male,Under 65,9/30/2021,19202.73233
Ohio,CD 10,Female,65 and Over,9/30/2021,1772.144629
Ohio,CD 10,Female,Under 65,9/30/2021,6375.921925
Ohio,CD 10,Male,65 and Over,9/30/2021,22470.39243
Ohio,CD 10,Male,Under 65,9/30/2021,26902.20793
Ohio,CD 11,Female,65 and Over,9/30/2021,888.1631299
Ohio,CD 11,Female,Under 65,9/30/2021,3736.409472
Ohio,CD 11,Male,65 and Over,9/30/2021,15446.24212
Ohio,CD 11,Male,Under 65,9/30/2021,16871.20678
Ohio,CD 12,Female,65 and Over,9/30/2021,922.6112852
Ohio,CD 12,Female,Under 65,9/30/2021,3311.330352
Ohio,CD 12,Male,65 and Over,9/30/2021,21543.49216
Ohio,CD 12,Male,Under 65,9/30/2021,20857.32534
Ohio,CD 13,Female,65 and Over,9/30/2021,576.0999144
Ohio,CD 13,Female,Under 65,9/30/2021,3256.265916
Ohio,CD 13,Male,65 and Over,9/30/2021,22550.47528
Ohio,CD 13,Male,Under 65,9/30/2021,20619.31791
Ohio,CD 14,Female,65 and Over,9/30/2021,670.830261
Ohio,CD 14,Female,Under 65,9/30/2021,2202.351535
Ohio,CD 14,Male,65 and Over,9/30/2021,22885.64652
Ohio,CD 14,Male,Under 65,9/30/2021,16472.62761
Ohio,CD 15,Female,65 and Over,9/30/2021,961.1102991
Ohio,CD 15,Female,Under 65,9/30/2021,3499.010222
Ohio,CD 15,Male,65 and Over,9/30/2021,19543.67593
Ohio,CD 15,Male,Under 65,9/30/2021,22740.51912
Ohio,CD 16,Female,65 and Over,9/30/2021,1219.257438
Ohio,CD 16,Female,Under 65,9/30/2021,2406.222276
Ohio,CD 16,Male,65 and Over,9/30/2021,23820.62528
Ohio,CD 16,Male,Under 65,9/30/2021,17516.60103
Ohio,CD 2,Female,65 and Over,9/30/2021,685.005298
Ohio,CD 2,Female,Under 65,9/30/2021,3210.033497
Ohio,CD 2,Male,65 and Over,9/30/2021,20957.7728
Ohio,CD 2,Male,Under 65,9/30/2021,20135.5128
Ohio,CD 3,Female,65 and Over,9/30/2021,502.1991509
Ohio,CD 3,Female,Under 65,9/30/2021,4161.74293
Ohio,CD 3,Male,65 and Over,9/30/2021,13594.50145
Ohio,CD 3,Male,Under 65,9/30/2021,21973.27219
Ohio,CD 4,Female,65 and Over,9/30/2021,1032.011065
Ohio,CD 4,Female,Under 65,9/30/2021,3287.004407
Ohio,CD 4,Male,65 and Over,9/30/2021,21345.63409
Ohio,CD 4,Male,Under 65,9/30/2021,21924.05162
Ohio,CD 5,Female,65 and Over,9/30/2021,673.0222114
Ohio,CD 5,Female,Under 65,9/30/2021,2841.639816
Ohio,CD 5,Male,65 and Over,9/30/2021,21857.8502
Ohio,CD 5,Male,Under 65,9/30/2021,20063.33576
Ohio,CD 6,Female,65 and Over,9/30/2021,731.6286325
Ohio,CD 6,Female,Under 65,9/30/2021,2538.32941
Ohio,CD 6,Male,65 and Over,9/30/2021,25753.32574
Ohio,CD 6,Male,Under 65,9/30/2021,20857.49275
Ohio,CD 7,Female,65 and Over,9/30/2021,1234.634823
Ohio,CD 7,Female,Under 65,9/30/2021,2846.31053
Ohio,CD 7,Male,65 and Over,9/30/2021,23548.481
Ohio,CD 7,Male,Under 65,9/30/2021,20099.95312
Ohio,CD 8,Female,65 and Over,9/30/2021,694.6078887
Ohio,CD 8,Female,Under 65,9/30/2021,3430.182969
Ohio,CD 8,Male,65 and Over,9/30/2021,19733.70325
Ohio,CD 8,Male,Under 65,9/30/2021,21606.27364
Ohio,CD 9,Female,65 and Over,9/30/2021,1021.350314
Ohio,CD 9,Female,Under 65,9/30/2021,3272.952978
Ohio,CD 9,Male,65 and Over,9/30/2021,17407.12805
Ohio,CD 9,Male,Under 65,9/30/2021,19374.62886
Oklahoma,CD 1,Female,65 and Over,9/30/2021,1245.094124
Oklahoma,CD 1,Female,Under 65,9/30/2021,3838.661542
Oklahoma,CD 1,Male,65 and Over,9/30/2021,22705.80615
Oklahoma,CD 1,Male,Under 65,9/30/2021,24722.38635
Oklahoma,CD 2,Female,65 and Over,9/30/2021,1042.41751
Oklahoma,CD 2,Female,Under 65,9/30/2021,3252.257033
Oklahoma,CD 2,Male,65 and Over,9/30/2021,27641.13128
Oklahoma,CD 2,Male,Under 65,9/30/2021,22767.44371
Oklahoma,CD 3,Female,65 and Over,9/30/2021,946.9385423
Oklahoma,CD 3,Female,Under 65,9/30/2021,3820.024999
Oklahoma,CD 3,Male,65 and Over,9/30/2021,22918.94479
Oklahoma,CD 3,Male,Under 65,9/30/2021,23821.34279
Oklahoma,CD 4,Female,65 and Over,9/30/2021,1764.737856
Oklahoma,CD 4,Female,Under 65,9/30/2021,7605.109936
Oklahoma,CD 4,Male,65 and Over,9/30/2021,25599.05836
Oklahoma,CD 4,Male,Under 65,9/30/2021,36350.67958
Oklahoma,CD 5,Female,65 and Over,9/30/2021,1312.368409
Oklahoma,CD 5,Female,Under 65,9/30/2021,5841.702489
Oklahoma,CD 5,Male,65 and Over,9/30/2021,23596.72476
Oklahoma,CD 5,Male,Under 65,9/30/2021,29472.91263
Oregon,CD 1,Female,65 and Over,9/30/2021,631.0169338
Oregon,CD 1,Female,Under 65,9/30/2021,3766.265717
Oregon,CD 1,Male,65 and Over,9/30/2021,23087.30345
Oregon,CD 1,Male,Under 65,9/30/2021,23629.1133
Oregon,CD 2,Female,65 and Over,9/30/2021,1944.018614
Oregon,CD 2,Female,Under 65,9/30/2021,4178.895531
Oregon,CD 2,Male,65 and Over,9/30/2021,35577.4236
Oregon,CD 2,Male,Under 65,9/30/2021,26109.26417
Oregon,CD 3,Female,65 and Over,9/30/2021,1812.953927
Oregon,CD 3,Female,Under 65,9/30/2021,3356.567198
Oregon,CD 3,Male,65 and Over,9/30/2021,17825.8464
Oregon,CD 3,Male,Under 65,9/30/2021,21674.62211
Oregon,CD 4,Female,65 and Over,9/30/2021,1774.140218
Oregon,CD 4,Female,Under 65,9/30/2021,4521.564367
Oregon,CD 4,Male,65 and Over,9/30/2021,36553.79485
Oregon,CD 4,Male,Under 65,9/30/2021,26908.12594
Oregon,CD 5,Female,65 and Over,9/30/2021,1949.799663
Oregon,CD 5,Female,Under 65,9/30/2021,4051.116336
Oregon,CD 5,Male,65 and Over,9/30/2021,27401.14918
Oregon,CD 5,Male,Under 65,9/30/2021,23281.938
Pennsylvania,CD 1,Female,65 and Over,9/30/2021,521.9726791
Pennsylvania,CD 1,Female,Under 65,9/30/2021,1953.422486
Pennsylvania,CD 1,Male,65 and Over,9/30/2021,21940.26882
Pennsylvania,CD 1,Male,Under 65,9/30/2021,13146.63469
Pennsylvania,CD 10,Female,65 and Over,9/30/2021,999.9328042
Pennsylvania,CD 10,Female,Under 65,9/30/2021,4492.570027
Pennsylvania,CD 10,Male,65 and Over,9/30/2021,20306.59969
Pennsylvania,CD 10,Male,Under 65,9/30/2021,23556.66366
Pennsylvania,CD 11,Female,65 and Over,9/30/2021,978.3538697
Pennsylvania,CD 11,Female,Under 65,9/30/2021,2779.046586
Pennsylvania,CD 11,Male,65 and Over,9/30/2021,20921.79348
Pennsylvania,CD 11,Male,Under 65,9/30/2021,17539.52432
Pennsylvania,CD 12,Female,65 and Over,9/30/2021,757.6157548
Pennsylvania,CD 12,Female,Under 65,9/30/2021,3244.766654
Pennsylvania,CD 12,Male,65 and Over,9/30/2021,23391.29131
Pennsylvania,CD 12,Male,Under 65,9/30/2021,21482.92906
Pennsylvania,CD 13,Female,65 and Over,9/30/2021,1120.506784
Pennsylvania,CD 13,Female,Under 65,9/30/2021,3663.055712
Pennsylvania,CD 13,Male,65 and Over,9/30/2021,26091.18375
Pennsylvania,CD 13,Male,Under 65,9/30/2021,22059.79772
Pennsylvania,CD 14,Female,65 and Over,9/30/2021,1618.364096
Pennsylvania,CD 14,Female,Under 65,9/30/2021,2672.021722
Pennsylvania,CD 14,Male,65 and Over,9/30/2021,26576.4211
Pennsylvania,CD 14,Male,Under 65,9/30/2021,19051.88906
Pennsylvania,CD 15,Female,65 and Over,9/30/2021,563.6124512
Pennsylvania,CD 15,Female,Under 65,9/30/2021,3046.246427
Pennsylvania,CD 15,Male,65 and Over,9/30/2021,26302.09752
Pennsylvania,CD 15,Male,Under 65,9/30/2021,22237.1786
Pennsylvania,CD 16,Female,65 and Over,9/30/2021,1029.473427
Pennsylvania,CD 16,Female,Under 65,9/30/2021,3020.61978
Pennsylvania,CD 16,Male,65 and Over,9/30/2021,25855.19265
Pennsylvania,CD 16,Male,Under 65,9/30/2021,20213.90236
Pennsylvania,CD 17,Female,65 and Over,9/30/2021,724.9041459
Pennsylvania,CD 17,Female,Under 65,9/30/2021,2554.206945
Pennsylvania,CD 17,Male,65 and Over,9/30/2021,23355.52748
Pennsylvania,CD 17,Male,Under 65,9/30/2021,17732.76712
Pennsylvania,CD 18,Female,65 and Over,9/30/2021,1289.120122
Pennsylvania,CD 18,Female,Under 65,9/30/2021,3140.283348
Pennsylvania,CD 18,Male,65 and Over,9/30/2021,20489.32765
Pennsylvania,CD 18,Male,Under 65,9/30/2021,17237.02722
Pennsylvania,CD 2,Female,65 and Over,9/30/2021,531.1952953
Pennsylvania,CD 2,Female,Under 65,9/30/2021,2286.375452
Pennsylvania,CD 2,Male,65 and Over,9/30/2021,12396.74478
Pennsylvania,CD 2,Male,Under 65,9/30/2021,14689.1341
Pennsylvania,CD 3,Female,65 and Over,9/30/2021,911.3208124
Pennsylvania,CD 3,Female,Under 65,9/30/2021,3281.268692
Pennsylvania,CD 3,Male,65 and Over,9/30/2021,13362.41319
Pennsylvania,CD 3,Male,Under 65,9/30/2021,14849.58576
Pennsylvania,CD 4,Female,65 and Over,9/30/2021,787.8942994
Pennsylvania,CD 4,Female,Under 65,9/30/2021,2054.42016
Pennsylvania,CD 4,Male,65 and Over,9/30/2021,19859.79504
Pennsylvania,CD 4,Male,Under 65,9/30/2021,12688.79378
Pennsylvania,CD 5,Female,65 and Over,9/30/2021,506.3958707
Pennsylvania,CD 5,Female,Under 65,9/30/2021,1678.173457
Pennsylvania,CD 5,Male,65 and Over,9/30/2021,16461.28604
Pennsylvania,CD 5,Male,Under 65,9/30/2021,12420.04512
Pennsylvania,CD 6,Female,65 and Over,9/30/2021,778.556494
Pennsylvania,CD 6,Female,Under 65,9/30/2021,2097.459092
Pennsylvania,CD 6,Male,65 and Over,9/30/2021,18237.03391
Pennsylvania,CD 6,Male,Under 65,9/30/2021,13127.13419
Pennsylvania,CD 7,Female,65 and Over,9/30/2021,381.4357106
Pennsylvania,CD 7,Female,Under 65,9/30/2021,2442.469602
Pennsylvania,CD 7,Male,65 and Over,9/30/2021,20844.67846
Pennsylvania,CD 7,Male,Under 65,9/30/2021,16254.44682
Pennsylvania,CD 8,Female,65 and Over,9/30/2021,591.444386
Pennsylvania,CD 8,Female,Under 65,9/30/2021,2833.319821
Pennsylvania,CD 8,Male,65 and Over,9/30/2021,23944.80078
Pennsylvania,CD 8,Male,Under 65,9/30/2021,19448.06799
Pennsylvania,CD 9,Female,65 and Over,9/30/2021,1542.542277
Pennsylvania,CD 9,Female,Under 65,9/30/2021,3366.092222
Pennsylvania,CD 9,Male,65 and Over,9/30/2021,24706.3394
Pennsylvania,CD 9,Male,Under 65,9/30/2021,21788.79354
Puerto Rico,CD (at Large),Female,65 and Over,9/30/2021,1183.742539
Puerto Rico,CD (at Large),Female,Under 65,9/30/2021,2956.002249
Puerto Rico,CD (at Large),Male,65 and Over,9/30/2021,39554.67432
Puerto Rico,CD (at Large),Male,Under 65,9/30/2021,22561.96841
Rhode Island,CD 1,Female,65 and Over,9/30/2021,373.9150963
Rhode Island,CD 1,Female,Under 65,9/30/2021,2506.883712
Rhode Island,CD 1,Male,65 and Over,9/30/2021,13760.78839
Rhode Island,CD 1,Male,Under 65,9/30/2021,13079.66503
Rhode Island,CD 2,Female,65 and Over,9/30/2021,578.7118369
Rhode Island,CD 2,Female,Under 65,9/30/2021,1774.409982
Rhode Island,CD 2,Male,65 and Over,9/30/2021,14547.06366
Rhode Island,CD 2,Male,Under 65,9/30/2021,13886.0851
South Carolina,CD 1,Female,65 and Over,9/30/2021,2021.759204
South Carolina,CD 1,Female,Under 65,9/30/2021,8511.742439
South Carolina,CD 1,Male,65 and Over,9/30/2021,34790.2497
South Carolina,CD 1,Male,Under 65,9/30/2021,38137.39505
South Carolina,CD 2,Female,65 and Over,9/30/2021,1062.163837
South Carolina,CD 2,Female,Under 65,9/30/2021,7169.908174
South Carolina,CD 2,Male,65 and Over,9/30/2021,22531.49648
South Carolina,CD 2,Male,Under 65,9/30/2021,28557.60536
South Carolina,CD 3,Female,65 and Over,9/30/2021,640.3446153
South Carolina,CD 3,Female,Under 65,9/30/2021,3191.87379
South Carolina,CD 3,Male,65 and Over,9/30/2021,22420.1686
South Carolina,CD 3,Male,Under 65,9/30/2021,19795.65513
South Carolina,CD 4,Female,65 and Over,9/30/2021,1127.801471
South Carolina,CD 4,Female,Under 65,9/30/2021,3496.485331
South Carolina,CD 4,Male,65 and Over,9/30/2021,19741.91581
South Carolina,CD 4,Male,Under 65,9/30/2021,19664.70882
South Carolina,CD 5,Female,65 and Over,9/30/2021,1772.027494
South Carolina,CD 5,Female,Under 65,9/30/2021,4948.508633
South Carolina,CD 5,Male,65 and Over,9/30/2021,22702.23313
South Carolina,CD 5,Male,Under 65,9/30/2021,24569.72344
South Carolina,CD 6,Female,65 and Over,9/30/2021,1130.08671
South Carolina,CD 6,Female,Under 65,9/30/2021,6373.567962
South Carolina,CD 6,Male,65 and Over,9/30/2021,18439.64149
South Carolina,CD 6,Male,Under 65,9/30/2021,24734.85372
South Carolina,CD 7,Female,65 and Over,9/30/2021,1297.217897
South Carolina,CD 7,Female,Under 65,9/30/2021,4005.388696
South Carolina,CD 7,Male,65 and Over,9/30/2021,29154.3997
South Carolina,CD 7,Male,Under 65,9/30/2021,21802.7935
South Dakota,CD (at Large),Female,65 and Over,9/30/2021,1402.74534
South Dakota,CD (at Large),Female,Under 65,9/30/2021,5439.880983
South Dakota,CD (at Large),Male,65 and Over,9/30/2021,27471.59946
South Dakota,CD (at Large),Male,Under 65,9/30/2021,29635.80905
Tennessee,CD 1,Female,65 and Over,9/30/2021,1682.645356
Tennessee,CD 1,Female,Under 65,9/30/2021,3170.606697
Tennessee,CD 1,Male,65 and Over,9/30/2021,27066.42282
Tennessee,CD 1,Male,Under 65,9/30/2021,21775.99752
Tennessee,CD 2,Female,65 and Over,9/30/2021,1455.957708
Tennessee,CD 2,Female,Under 65,9/30/2021,3479.874033
Tennessee,CD 2,Male,65 and Over,9/30/2021,24182.23367
Tennessee,CD 2,Male,Under 65,9/30/2021,22707.11986
Tennessee,CD 3,Female,65 and Over,9/30/2021,1117.255799
Tennessee,CD 3,Female,Under 65,9/30/2021,3319.62906
Tennessee,CD 3,Male,65 and Over,9/30/2021,26326.76124
Tennessee,CD 3,Male,Under 65,9/30/2021,21738.34049
Tennessee,CD 4,Female,65 and Over,9/30/2021,797.6421825
Tennessee,CD 4,Female,Under 65,9/30/2021,3979.396934
Tennessee,CD 4,Male,65 and Over,9/30/2021,20442.17149
Tennessee,CD 4,Male,Under 65,9/30/2021,23661.5472
Tennessee,CD 5,Female,65 and Over,9/30/2021,734.1601725
Tennessee,CD 5,Female,Under 65,9/30/2021,3614.838754
Tennessee,CD 5,Male,65 and Over,9/30/2021,15074.29881
Tennessee,CD 5,Male,Under 65,9/30/2021,19475.46648
Tennessee,CD 6,Female,65 and Over,9/30/2021,1426.290761
Tennessee,CD 6,Female,Under 65,9/30/2021,3539.800464
Tennessee,CD 6,Male,65 and Over,9/30/2021,26291.97893
Tennessee,CD 6,Male,Under 65,9/30/2021,22849.06952
Tennessee,CD 7,Female,65 and Over,9/30/2021,1390.989715
Tennessee,CD 7,Female,Under 65,9/30/2021,7849.560391
Tennessee,CD 7,Male,65 and Over,9/30/2021,22624.82235
Tennessee,CD 7,Male,Under 65,9/30/2021,33572.37515
Tennessee,CD 8,Female,65 and Over,9/30/2021,877.9752679
Tennessee,CD 8,Female,Under 65,9/30/2021,3430.089517
Tennessee,CD 8,Male,65 and Over,9/30/2021,21399.30008
Tennessee,CD 8,Male,Under 65,9/30/2021,21137.658
Tennessee,CD 9,Female,65 and Over,9/30/2021,875.2536436
Tennessee,CD 9,Female,Under 65,9/30/2021,4895.520804
Tennessee,CD 9,Male,65 and Over,9/30/2021,12573.76092
Tennessee,CD 9,Male,Under 65,9/30/2021,18725.95793
Texas,CD 1,Female,65 and Over,9/30/2021,1033.981502
Texas,CD 1,Female,Under 65,9/30/2021,3157.216326
Texas,CD 1,Male,65 and Over,9/30/2021,22184.97381
Texas,CD 1,Male,Under 65,9/30/2021,19686.83377
Texas,CD 10,Female,65 and Over,9/30/2021,698.8334781
Texas,CD 10,Female,Under 65,9/30/2021,3995.678412
Texas,CD 10,Male,65 and Over,9/30/2021,16676.00808
Texas,CD 10,Male,Under 65,9/30/2021,20566.70772
Texas,CD 11,Female,65 and Over,9/30/2021,749.6269434
Texas,CD 11,Female,Under 65,9/30/2021,3550.230235
Texas,CD 11,Male,65 and Over,9/30/2021,21334.00799
Texas,CD 11,Male,Under 65,9/30/2021,21841.75953
Texas,CD 12,Female,65 and Over,9/30/2021,1645.065021
Texas,CD 12,Female,Under 65,9/30/2021,5269.26698
Texas,CD 12,Male,65 and Over,9/30/2021,20901.16537
Texas,CD 12,Male,Under 65,9/30/2021,28796.12712
Texas,CD 13,Female,65 and Over,9/30/2021,1032.284163
Texas,CD 13,Female,Under 65,9/30/2021,3588.617523
Texas,CD 13,Male,65 and Over,9/30/2021,19183.20291
Texas,CD 13,Male,Under 65,9/30/2021,20713.89615
Texas,CD 14,Female,65 and Over,9/30/2021,780.0866993
Texas,CD 14,Female,Under 65,9/30/2021,3773.557537
Texas,CD 14,Male,65 and Over,9/30/2021,20859.67883
Texas,CD 14,Male,Under 65,9/30/2021,22636.9867
Texas,CD 15,Female,65 and Over,9/30/2021,764.3801651
Texas,CD 15,Female,Under 65,9/30/2021,2776.248107
Texas,CD 15,Male,65 and Over,9/30/2021,10366.70806
Texas,CD 15,Male,Under 65,9/30/2021,15434.8321
Texas,CD 16,Female,65 and Over,9/30/2021,665.9745371
Texas,CD 16,Female,Under 65,9/30/2021,6903.181681
Texas,CD 16,Male,65 and Over,9/30/2021,12323.59051
Texas,CD 16,Male,Under 65,9/30/2021,32224.33035
Texas,CD 17,Female,65 and Over,9/30/2021,1472.418119
Texas,CD 17,Female,Under 65,9/30/2021,3652.618384
Texas,CD 17,Male,65 and Over,9/30/2021,16573.11597
Texas,CD 17,Male,Under 65,9/30/2021,21769.34285
Texas,CD 18,Female,65 and Over,9/30/2021,565.4129899
Texas,CD 18,Female,Under 65,9/30/2021,3365.692761
Texas,CD 18,Male,65 and Over,9/30/2021,8790.394887
Texas,CD 18,Male,Under 65,9/30/2021,14445.37859
Texas,CD 19,Female,65 and Over,9/30/2021,899.5210302
Texas,CD 19,Female,Under 65,9/30/2021,3497.996623
Texas,CD 19,Male,65 and Over,9/30/2021,16094.81269
Texas,CD 19,Male,Under 65,9/30/2021,20351.84884
Texas,CD 2,Female,65 and Over,9/30/2021,526.7763647
Texas,CD 2,Female,Under 65,9/30/2021,3658.486244
Texas,CD 2,Male,65 and Over,9/30/2021,14167.12886
Texas,CD 2,Male,Under 65,9/30/2021,20735.1835
Texas,CD 20,Female,65 and Over,9/30/2021,1052.762545
Texas,CD 20,Female,Under 65,9/30/2021,8692.203278
Texas,CD 20,Male,65 and Over,9/30/2021,18242.38864
Texas,CD 20,Male,Under 65,9/30/2021,31657.21209
Texas,CD 21,Female,65 and Over,9/30/2021,1964.18667
Texas,CD 21,Female,Under 65,9/30/2021,7006.271949
Texas,CD 21,Male,65 and Over,9/30/2021,27891.97405
Texas,CD 21,Male,Under 65,9/30/2021,29013.5689
Texas,CD 22,Female,65 and Over,9/30/2021,815.5615357
Texas,CD 22,Female,Under 65,9/30/2021,3613.819998
Texas,CD 22,Male,65 and Over,9/30/2021,14298.7102
Texas,CD 22,Male,Under 65,9/30/2021,18096.68576
Texas,CD 23,Female,65 and Over,9/30/2021,1009.847124
Texas,CD 23,Female,Under 65,9/30/2021,5388.770237
Texas,CD 23,Male,65 and Over,9/30/2021,16263.00325
Texas,CD 23,Male,Under 65,9/30/2021,24433.69537
Texas,CD 24,Female,65 and Over,9/30/2021,1318.070061
Texas,CD 24,Female,Under 65,9/30/2021,3718.651222
Texas,CD 24,Male,65 and Over,9/30/2021,15015.98691
Texas,CD 24,Male,Under 65,9/30/2021,18567.3853
Texas,CD 25,Female,65 and Over,9/30/2021,1251.130249
Texas,CD 25,Female,Under 65,9/30/2021,7849.565421
Texas,CD 25,Male,65 and Over,9/30/2021,19280.93636
Texas,CD 25,Male,Under 65,9/30/2021,32211.26053
Texas,CD 26,Female,65 and Over,9/30/2021,935.9257149
Texas,CD 26,Female,Under 65,9/30/2021,4217.931575
Texas,CD 26,Male,65 and Over,9/30/2021,18580.92598
Texas,CD 26,Male,Under 65,9/30/2021,24898.30273
Texas,CD 27,Female,65 and Over,9/30/2021,833.8048998
Texas,CD 27,Female,Under 65,9/30/2021,4047.581826
Texas,CD 27,Male,65 and Over,9/30/2021,21330.39284
Texas,CD 27,Male,Under 65,9/30/2021,24017.38666
Texas,CD 28,Female,65 and Over,9/30/2021,967.2103018
Texas,CD 28,Female,Under 65,9/30/2021,5058.300194
Texas,CD 28,Male,65 and Over,9/30/2021,12585.51847
Texas,CD 28,Male,Under 65,9/30/2021,18939.70338
Texas,CD 29,Female,65 and Over,9/30/2021,148.0584788
Texas,CD 29,Female,Under 65,9/30/2021,1450.70975
Texas,CD 29,Male,65 and Over,9/30/2021,6688.842594
Texas,CD 29,Male,Under 65,9/30/2021,10247.50898
Texas,CD 3,Female,65 and Over,9/30/2021,1527.273638
Texas,CD 3,Female,Under 65,9/30/2021,3732.177539
Texas,CD 3,Male,65 and Over,9/30/2021,15649.33946
Texas,CD 3,Male,Under 65,9/30/2021,18307.54005
Texas,CD 30,Female,65 and Over,9/30/2021,983.7128333
Texas,CD 30,Female,Under 65,9/30/2021,3812.229655
Texas,CD 30,Male,65 and Over,9/30/2021,10373.22648
Texas,CD 30,Male,Under 65,9/30/2021,18730.39987
Texas,CD 31,Female,65 and Over,9/30/2021,2038.10524
Texas,CD 31,Female,Under 65,9/30/2021,12515.46836
Texas,CD 31,Male,65 and Over,9/30/2021,21789.40721
Texas,CD 31,Male,Under 65,9/30/2021,46049.34589
Texas,CD 32,Female,65 and Over,9/30/2021,823.1500349
Texas,CD 32,Female,Under 65,9/30/2021,3229.150329
Texas,CD 32,Male,65 and Over,9/30/2021,15238.71275
Texas,CD 32,Male,Under 65,9/30/2021,15197.78784
Texas,CD 33,Female,65 and Over,9/30/2021,657.0874128
Texas,CD 33,Female,Under 65,9/30/2021,1660.799785
Texas,CD 33,Male,65 and Over,9/30/2021,8499.263857
Texas,CD 33,Male,Under 65,9/30/2021,9460.01237
Texas,CD 34,Female,65 and Over,9/30/2021,603.7826776
Texas,CD 34,Female,Under 65,9/30/2021,2242.992606
Texas,CD 34,Male,65 and Over,9/30/2021,12427.90669
Texas,CD 34,Male,Under 65,9/30/2021,14060.48391
Texas,CD 35,Female,65 and Over,9/30/2021,1237.526538
Texas,CD 35,Female,Under 65,9/30/2021,6590.300394
Texas,CD 35,Male,65 and Over,9/30/2021,13562.7109
Texas,CD 35,Male,Under 65,9/30/2021,25133.67327
Texas,CD 36,Female,65 and Over,9/30/2021,594.571277
Texas,CD 36,Female,Under 65,9/30/2021,3325.840872
Texas,CD 36,Male,65 and Over,9/30/2021,20648.80276
Texas,CD 36,Male,Under 65,9/30/2021,22893.53793
Texas,CD 4,Female,65 and Over,9/30/2021,1512.715035
Texas,CD 4,Female,Under 65,9/30/2021,3694.770423
Texas,CD 4,Male,65 and Over,9/30/2021,24302.25731
Texas,CD 4,Male,Under 65,9/30/2021,23781.65578
Texas,CD 5,Female,65 and Over,9/30/2021,827.4734864
Texas,CD 5,Female,Under 65,9/30/2021,3275.11228
Texas,CD 5,Male,65 and Over,9/30/2021,18410.72715
Texas,CD 5,Male,Under 65,9/30/2021,18851.55882
Texas,CD 6,Female,65 and Over,9/30/2021,1102.441979
Texas,CD 6,Female,Under 65,9/30/2021,4972.660089
Texas,CD 6,Male,65 and Over,9/30/2021,17352.14229
Texas,CD 6,Male,Under 65,9/30/2021,22212.61275
Texas,CD 7,Female,65 and Over,9/30/2021,464.3449032
Texas,CD 7,Female,Under 65,9/30/2021,2783.611993
Texas,CD 7,Male,65 and Over,9/30/2021,12230.64971
Texas,CD 7,Male,Under 65,9/30/2021,14469.9489
Texas,CD 8,Female,65 and Over,9/30/2021,1051.953763
Texas,CD 8,Female,Under 65,9/30/2021,4321.325371
Texas,CD 8,Male,65 and Over,9/30/2021,22614.6152
Texas,CD 8,Male,Under 65,9/30/2021,24323.57355
Texas,CD 9,Female,65 and Over,9/30/2021,542.6131561
Texas,CD 9,Female,Under 65,9/30/2021,3930.94237
Texas,CD 9,Male,65 and Over,9/30/2021,9360.33402
Texas,CD 9,Male,Under 65,9/30/2021,12290.82328
Utah,CD 1,Female,65 and Over,9/30/2021,518.0102389
Utah,CD 1,Female,Under 65,9/30/2021,3457.215951
Utah,CD 1,Male,65 and Over,9/30/2021,15333.42938
Utah,CD 1,Male,Under 65,9/30/2021,20906.95522
Utah,CD 2,Female,65 and Over,9/30/2021,1105.719631
Utah,CD 2,Female,Under 65,9/30/2021,2344.329558
Utah,CD 2,Male,65 and Over,9/30/2021,17561.20003
Utah,CD 2,Male,Under 65,9/30/2021,15319.58519
Utah,CD 3,Female,65 and Over,9/30/2021,497.4077024
Utah,CD 3,Female,Under 65,9/30/2021,1750.046298
Utah,CD 3,Male,65 and Over,9/30/2021,12203.73958
Utah,CD 3,Male,Under 65,9/30/2021,11716.80369
Utah,CD 4,Female,65 and Over,9/30/2021,480.5315281
Utah,CD 4,Female,Under 65,9/30/2021,1796.410167
Utah,CD 4,Male,65 and Over,9/30/2021,11620.70476
Utah,CD 4,Male,Under 65,9/30/2021,15507.48983
Vermont,CD (at Large),Female,65 and Over,9/30/2021,1001.144472
Vermont,CD (at Large),Female,Under 65,9/30/2021,2840.77217
Vermont,CD (at Large),Male,65 and Over,9/30/2021,19145.31986
Vermont,CD (at Large),Male,Under 65,9/30/2021,18234.15429
Virginia,CD 1,Female,65 and Over,9/30/2021,1770.850433
Virginia,CD 1,Female,Under 65,9/30/2021,9508.997678
Virginia,CD 1,Male,65 and Over,9/30/2021,28285.874
Virginia,CD 1,Male,Under 65,9/30/2021,38393.02431
Virginia,CD 10,Female,65 and Over,9/30/2021,1330.879368
Virginia,CD 10,Female,Under 65,9/30/2021,5669.723868
Virginia,CD 10,Male,65 and Over,9/30/2021,19830.34688
Virginia,CD 10,Male,Under 65,9/30/2021,27066.50861
Virginia,CD 11,Female,65 and Over,9/30/2021,2032.602245
Virginia,CD 11,Female,Under 65,9/30/2021,8073.538731
Virginia,CD 11,Male,65 and Over,9/30/2021,16371.41937
Virginia,CD 11,Male,Under 65,9/30/2021,28652.01778
Virginia,CD 2,Female,65 and Over,9/30/2021,2545.516654
Virginia,CD 2,Female,Under 65,9/30/2021,16853.15618
Virginia,CD 2,Male,65 and Over,9/30/2021,27280.90889
Virginia,CD 2,Male,Under 65,9/30/2021,59363.70829
Virginia,CD 3,Female,65 and Over,9/30/2021,1903.855279
Virginia,CD 3,Female,Under 65,9/30/2021,17378.58598
Virginia,CD 3,Male,65 and Over,9/30/2021,20835.89284
Virginia,CD 3,Male,Under 65,9/30/2021,55626.74187
Virginia,CD 4,Female,65 and Over,9/30/2021,1305.112371
Virginia,CD 4,Female,Under 65,9/30/2021,9508.077492
Virginia,CD 4,Male,65 and Over,9/30/2021,21070.56537
Virginia,CD 4,Male,Under 65,9/30/2021,33987.26488
Virginia,CD 5,Female,65 and Over,9/30/2021,1443.966115
Virginia,CD 5,Female,Under 65,9/30/2021,3890.536915
Virginia,CD 5,Male,65 and Over,9/30/2021,25356.56569
Virginia,CD 5,Male,Under 65,9/30/2021,20614.36064
Virginia,CD 6,Female,65 and Over,9/30/2021,1222.733456
Virginia,CD 6,Female,Under 65,9/30/2021,3898.606033
Virginia,CD 6,Male,65 and Over,9/30/2021,24254.97758
Virginia,CD 6,Male,Under 65,9/30/2021,22232.82038
Virginia,CD 7,Female,65 and Over,9/30/2021,1455.804198
Virginia,CD 7,Female,Under 65,9/30/2021,5034.564102
Virginia,CD 7,Male,65 and Over,9/30/2021,23596.6421
Virginia,CD 7,Male,Under 65,9/30/2021,24296.62077
Virginia,CD 8,Female,65 and Over,9/30/2021,1505.586218
Virginia,CD 8,Female,Under 65,9/30/2021,9189.056646
Virginia,CD 8,Male,65 and Over,9/30/2021,15096.24239
Virginia,CD 8,Male,Under 65,9/30/2021,30727.42136
Virginia,CD 9,Female,65 and Over,9/30/2021,1223.982898
Virginia,CD 9,Female,Under 65,9/30/2021,2622.710341
Virginia,CD 9,Male,65 and Over,9/30/2021,22227.81173
Virginia,CD 9,Male,Under 65,9/30/2021,18808.15999
Washington,CD 1,Female,65 and Over,9/30/2021,924.9227312
Washington,CD 1,Female,Under 65,9/30/2021,2958.223062
Washington,CD 1,Male,65 and Over,9/30/2021,19156.50843
Washington,CD 1,Male,Under 65,9/30/2021,20069.33433
Washington,CD 10,Female,65 and Over,9/30/2021,1868.615633
Washington,CD 10,Female,Under 65,9/30/2021,11107.76618
Washington,CD 10,Male,65 and Over,9/30/2021,25497.47417
Washington,CD 10,Male,Under 65,9/30/2021,44992.30232
Washington,CD 2,Female,65 and Over,9/30/2021,1160.000504
Washington,CD 2,Female,Under 65,9/30/2021,5191.038753
Washington,CD 2,Male,65 and Over,9/30/2021,24167.76816
Washington,CD 2,Male,Under 65,9/30/2021,27207.83986
Washington,CD 3,Female,65 and Over,9/30/2021,2012.079973
Washington,CD 3,Female,Under 65,9/30/2021,4427.028667
Washington,CD 3,Male,65 and Over,9/30/2021,26579.27545
Washington,CD 3,Male,Under 65,9/30/2021,26245.15576
Washington,CD 4,Female,65 and Over,9/30/2021,1224.368753
Washington,CD 4,Female,Under 65,9/30/2021,2519.894418
Washington,CD 4,Male,65 and Over,9/30/2021,18306.12113
Washington,CD 4,Male,Under 65,9/30/2021,16411.88906
Washington,CD 5,Female,65 and Over,9/30/2021,2113.1667
Washington,CD 5,Female,Under 65,9/30/2021,4840.209788
Washington,CD 5,Male,65 and Over,9/30/2021,26933.7533
Washington,CD 5,Male,Under 65,9/30/2021,26492.88831
Washington,CD 6,Female,65 and Over,9/30/2021,1756.294506
Washington,CD 6,Female,Under 65,9/30/2021,7065.178493
Washington,CD 6,Male,65 and Over,9/30/2021,33788.14786
Washington,CD 6,Male,Under 65,9/30/2021,37617.80518
Washington,CD 7,Female,65 and Over,9/30/2021,1022.345966
Washington,CD 7,Female,Under 65,9/30/2021,2866.738661
Washington,CD 7,Male,65 and Over,9/30/2021,17203.14883
Washington,CD 7,Male,Under 65,9/30/2021,16091.40031
Washington,CD 8,Female,65 and Over,9/30/2021,1205.447891
Washington,CD 8,Female,Under 65,9/30/2021,3849.1883
Washington,CD 8,Male,65 and Over,9/30/2021,19853.36421
Washington,CD 8,Male,Under 65,9/30/2021,24534.19929
Washington,CD 9,Female,65 and Over,9/30/2021,890.2609666
Washington,CD 9,Female,Under 65,9/30/2021,2962.133165
Washington,CD 9,Male,65 and Over,9/30/2021,15785.76713
Washington,CD 9,Male,Under 65,9/30/2021,17992.81128
West Virginia,CD 1,Female,65 and Over,9/30/2021,1044.74682
West Virginia,CD 1,Female,Under 65,9/30/2021,2834.394365
West Virginia,CD 1,Male,65 and Over,9/30/2021,21793.8417
West Virginia,CD 1,Male,Under 65,9/30/2021,20369.91947
West Virginia,CD 2,Female,65 and Over,9/30/2021,1257.97724
West Virginia,CD 2,Female,Under 65,9/30/2021,3639.339428
West Virginia,CD 2,Male,65 and Over,9/30/2021,22625.51805
West Virginia,CD 2,Male,Under 65,9/30/2021,22530.26135
West Virginia,CD 3,Female,65 and Over,9/30/2021,1215.679359
West Virginia,CD 3,Female,Under 65,9/30/2021,2176.032626
West Virginia,CD 3,Male,65 and Over,9/30/2021,19396.6914
West Virginia,CD 3,Male,Under 65,9/30/2021,17239.6754
Wisconsin,CD 1,Female,65 and Over,9/30/2021,1392.346675
Wisconsin,CD 1,Female,Under 65,9/30/2021,3062.535402
Wisconsin,CD 1,Male,65 and Over,9/30/2021,20391.86959
Wisconsin,CD 1,Male,Under 65,9/30/2021,18043.04138
Wisconsin,CD 2,Female,65 and Over,9/30/2021,506.2486271
Wisconsin,CD 2,Female,Under 65,9/30/2021,2856.136069
Wisconsin,CD 2,Male,65 and Over,9/30/2021,19277.48387
Wisconsin,CD 2,Male,Under 65,9/30/2021,16214.8446
Wisconsin,CD 3,Female,65 and Over,9/30/2021,969.799456
Wisconsin,CD 3,Female,Under 65,9/30/2021,3472.153417
Wisconsin,CD 3,Male,65 and Over,9/30/2021,23761.6656
Wisconsin,CD 3,Male,Under 65,9/30/2021,20965.23171
Wisconsin,CD 4,Female,65 and Over,9/30/2021,893.4296842
Wisconsin,CD 4,Female,Under 65,9/30/2021,2544.008037
Wisconsin,CD 4,Male,65 and Over,9/30/2021,10912.65501
Wisconsin,CD 4,Male,Under 65,9/30/2021,13748.77529
Wisconsin,CD 5,Female,65 and Over,9/30/2021,532.7800244
Wisconsin,CD 5,Female,Under 65,9/30/2021,2861.798535
Wisconsin,CD 5,Male,65 and Over,9/30/2021,21653.08503
Wisconsin,CD 5,Male,Under 65,9/30/2021,15261.95551
Wisconsin,CD 6,Female,65 and Over,9/30/2021,676.2361575
Wisconsin,CD 6,Female,Under 65,9/30/2021,2925.087631
Wisconsin,CD 6,Male,65 and Over,9/30/2021,24211.60247
Wisconsin,CD 6,Male,Under 65,9/30/2021,17892.68335
Wisconsin,CD 7,Female,65 and Over,9/30/2021,972.0752104
Wisconsin,CD 7,Female,Under 65,9/30/2021,3497.328106
Wisconsin,CD 7,Male,65 and Over,9/30/2021,26228.23321
Wisconsin,CD 7,Male,Under 65,9/30/2021,21446.65974
Wisconsin,CD 8,Female,65 and Over,9/30/2021,1316.568898
Wisconsin,CD 8,Female,Under 65,9/30/2021,3111.453879
Wisconsin,CD 8,Male,65 and Over,9/30/2021,22599.43584
Wisconsin,CD 8,Male,Under 65,9/30/2021,18624.07886
Wyoming,CD (at Large),Female,65 and Over,9/30/2021,1260.661394
Wyoming,CD (at Large),Female,Under 65,9/30/2021,3671.850858
Wyoming,CD (at Large),Male,65 and Over,9/30/2021,21087.99513
Wyoming,CD (at Large),Male,Under 65,9/30/2021,20823.89556
