Date,FIPST,State,Gender,Race/Ethnicity,Veterans
2021-09-30,4,Arizona,Female,Total,52667.54817
2021-09-30,1,Alabama,Female,Total,42242.06208
2021-09-30,1,Alabama,Female,"White, alone",22976.57629
2021-09-30,1,Alabama,Female,"Black or African American, alone",17034.43574
2021-09-30,1,Alabama,Female,"American Indian and Alaska Native, alone",227.85314559999998
2021-09-30,1,Alabama,Female,"Asian, alone",753.819454
2021-09-30,1,Alabama,Female,"Native Hawaiian and Other Pacific Islander, alone",5.990107991
2021-09-30,1,Alabama,Female,"Some other race, alone",506.56732980000004
2021-09-30,1,Alabama,Female,Two or more races,736.8200126
2021-09-30,1,Alabama,Female,Hispanic or Latino (of any race),1263.1498179999999
2021-09-30,1,Alabama,Female,"White alone, Not Hispanic or Latino",22321.54044
2021-09-30,1,Alabama,Male,Total,315277.9446
2021-09-30,1,Alabama,Male,"White, alone",233181.7774
2021-09-30,1,Alabama,Male,"Black or African American, alone",71374.91863
2021-09-30,1,Alabama,Male,"American Indian and Alaska Native, alone",2379.305715
2021-09-30,1,Alabama,Male,"Asian, alone",1364.6681609999998
2021-09-30,1,Alabama,Male,"Native Hawaiian and Other Pacific Islander, alone",188.8233165
2021-09-30,1,Alabama,Male,"Some other race, alone",2137.27531
2021-09-30,1,Alabama,Male,Two or more races,4651.176079
2021-09-30,1,Alabama,Male,Hispanic or Latino (of any race),6483.418012
2021-09-30,1,Alabama,Male,"White alone, Not Hispanic or Latino",229459.6887
2021-09-30,2,Alaska,Female,Total,9912.179922
2021-09-30,2,Alaska,Female,"White, alone",7299.050434000001
2021-09-30,2,Alaska,Female,"Black or African American, alone",554.9238224
2021-09-30,2,Alaska,Female,"American Indian and Alaska Native, alone",1012.8567859999999
2021-09-30,2,Alaska,Female,"Asian, alone",171.6797985
2021-09-30,2,Alaska,Female,"Native Hawaiian and Other Pacific Islander, alone",5.253742925
2021-09-30,2,Alaska,Female,"Some other race, alone",203.74900309999998
2021-09-30,2,Alaska,Female,Two or more races,664.6663337
2021-09-30,2,Alaska,Female,Hispanic or Latino (of any race),546.136199
2021-09-30,2,Alaska,Female,"White alone, Not Hispanic or Latino",6969.483098999999
2021-09-30,2,Alaska,Male,Total,57475.981139999996
2021-09-30,2,Alaska,Male,"White, alone",46039.8836
2021-09-30,2,Alaska,Male,"Black or African American, alone",2697.887017
2021-09-30,2,Alaska,Male,"American Indian and Alaska Native, alone",3149.075523
2021-09-30,2,Alaska,Male,"Asian, alone",805.6757137999999
2021-09-30,2,Alaska,Male,"Native Hawaiian and Other Pacific Islander, alone",664.9552597
2021-09-30,2,Alaska,Male,"Some other race, alone",535.8514782
2021-09-30,2,Alaska,Male,Two or more races,3582.6525479999996
2021-09-30,2,Alaska,Male,Hispanic or Latino (of any race),4306.747498
2021-09-30,2,Alaska,Male,"White alone, Not Hispanic or Latino",42414.65591
2021-09-30,4,Arizona,Female,"White, alone",41371.96612
2021-09-30,4,Arizona,Female,"Black or African American, alone",2726.880538
2021-09-30,4,Arizona,Female,"American Indian and Alaska Native, alone",2641.525832
2021-09-30,4,Arizona,Female,"Asian, alone",1043.851424
2021-09-30,4,Arizona,Female,"Native Hawaiian and Other Pacific Islander, alone",59.87146349
2021-09-30,4,Arizona,Female,"Some other race, alone",1519.155475
2021-09-30,4,Arizona,Female,Two or more races,3304.297311
2021-09-30,4,Arizona,Female,Hispanic or Latino (of any race),9291.091025
2021-09-30,4,Arizona,Female,"White alone, Not Hispanic or Latino",35285.04465
2021-09-30,4,Arizona,Male,Total,440785.1363
2021-09-30,4,Arizona,Male,"White, alone",384504.1926
2021-09-30,4,Arizona,Male,"Black or African American, alone",23346.89996
2021-09-30,4,Arizona,Male,"American Indian and Alaska Native, alone",9847.078781999999
2021-09-30,4,Arizona,Male,"Asian, alone",4309.033234
2021-09-30,4,Arizona,Male,"Native Hawaiian and Other Pacific Islander, alone",647.2897515999999
2021-09-30,4,Arizona,Male,"Some other race, alone",7795.651746
2021-09-30,4,Arizona,Male,Two or more races,10334.99031
2021-09-30,4,Arizona,Male,Hispanic or Latino (of any race),56313.49366
2021-09-30,4,Arizona,Male,"White alone, Not Hispanic or Latino",342004.6014
2021-09-30,5,Arkansas,Female,Total,18484.3855
2021-09-30,5,Arkansas,Female,"White, alone",14081.15183
2021-09-30,5,Arkansas,Female,"Black or African American, alone",2907.723685
2021-09-30,5,Arkansas,Female,"American Indian and Alaska Native, alone",64.92747974
2021-09-30,5,Arkansas,Female,"Asian, alone",455.12599309999996
2021-09-30,5,Arkansas,Female,"Native Hawaiian and Other Pacific Islander, alone",27.88291474
2021-09-30,5,Arkansas,Female,"Some other race, alone",38.6529041
2021-09-30,5,Arkansas,Female,Two or more races,908.9206951
2021-09-30,5,Arkansas,Female,Hispanic or Latino (of any race),494.20580839999997
2021-09-30,5,Arkansas,Female,"White alone, Not Hispanic or Latino",13653.38075
2021-09-30,5,Arkansas,Male,Total,177200.8809
2021-09-30,5,Arkansas,Male,"White, alone",147669.2043
2021-09-30,5,Arkansas,Male,"Black or African American, alone",21747.279440000002
2021-09-30,5,Arkansas,Male,"American Indian and Alaska Native, alone",2271.762921
2021-09-30,5,Arkansas,Male,"Asian, alone",219.92127480000002
2021-09-30,5,Arkansas,Male,"Native Hawaiian and Other Pacific Islander, alone",166.97242869999997
2021-09-30,5,Arkansas,Male,"Some other race, alone",565.835624
2021-09-30,5,Arkansas,Male,Two or more races,4559.904896
2021-09-30,5,Arkansas,Male,Hispanic or Latino (of any race),4274.381792
2021-09-30,5,Arkansas,Male,"White alone, Not Hispanic or Latino",144195.1263
2021-09-30,6,California,Female,Total,163284.5294
2021-09-30,6,California,Female,"White, alone",109547.4879
2021-09-30,6,California,Female,"Black or African American, alone",21722.89988
2021-09-30,6,California,Female,"American Indian and Alaska Native, alone",1404.181312
2021-09-30,6,California,Female,"Asian, alone",12292.56295
2021-09-30,6,California,Female,"Native Hawaiian and Other Pacific Islander, alone",1419.4018740000001
2021-09-30,6,California,Female,"Some other race, alone",6603.901314
2021-09-30,6,California,Female,Two or more races,10294.09423
2021-09-30,6,California,Female,Hispanic or Latino (of any race),34562.164189999996
2021-09-30,6,California,Female,"White alone, Not Hispanic or Latino",86128.77902999999
2021-09-30,6,California,Male,Total,1452672.437
2021-09-30,6,California,Male,"White, alone",1063790.9109999998
2021-09-30,6,California,Male,"Black or African American, alone",138909.2995
2021-09-30,6,California,Male,"American Indian and Alaska Native, alone",15672.6694
2021-09-30,6,California,Male,"Asian, alone",100912.44699999999
2021-09-30,6,California,Male,"Native Hawaiian and Other Pacific Islander, alone",5624.0539659999995
2021-09-30,6,California,Male,"Some other race, alone",69821.95191
2021-09-30,6,California,Male,Two or more races,57941.103970000004
2021-09-30,6,California,Male,Hispanic or Latino (of any race),277650.4853
2021-09-30,6,California,Male,"White alone, Not Hispanic or Latino",883602.5635
2021-09-30,8,Colorado,Female,Total,47328.50076
2021-09-30,8,Colorado,Female,"White, alone",38065.706439999994
2021-09-30,8,Colorado,Female,"Black or African American, alone",3430.8441329999996
2021-09-30,8,Colorado,Female,"American Indian and Alaska Native, alone",531.2618739
2021-09-30,8,Colorado,Female,"Asian, alone",1128.573092
2021-09-30,8,Colorado,Female,"Native Hawaiian and Other Pacific Islander, alone",41.96896126
2021-09-30,8,Colorado,Female,"Some other race, alone",1485.5405859999998
2021-09-30,8,Colorado,Female,Two or more races,2644.605674
2021-09-30,8,Colorado,Female,Hispanic or Latino (of any race),5124.755703
2021-09-30,8,Colorado,Female,"White alone, Not Hispanic or Latino",34892.59297
2021-09-30,8,Colorado,Male,Total,340289.3605
2021-09-30,8,Colorado,Male,"White, alone",293645.7634
2021-09-30,8,Colorado,Male,"Black or African American, alone",21685.584280000003
2021-09-30,8,Colorado,Male,"American Indian and Alaska Native, alone",3064.8059
2021-09-30,8,Colorado,Male,"Asian, alone",4837.1238840000005
2021-09-30,8,Colorado,Male,"Native Hawaiian and Other Pacific Islander, alone",917.7062675000001
2021-09-30,8,Colorado,Male,"Some other race, alone",7980.162706
2021-09-30,8,Colorado,Male,Two or more races,8158.214129999999
2021-09-30,8,Colorado,Male,Hispanic or Latino (of any race),40612.65356
2021-09-30,8,Colorado,Male,"White alone, Not Hispanic or Latino",265007.7521
2021-09-30,9,Connecticut,Female,Total,12793.34122
2021-09-30,9,Connecticut,Female,"White, alone",10412.054479999999
2021-09-30,9,Connecticut,Female,"Black or African American, alone",1632.669287
2021-09-30,9,Connecticut,Female,"American Indian and Alaska Native, alone",12.15901537
2021-09-30,9,Connecticut,Female,"Asian, alone",46.41631144
2021-09-30,9,Connecticut,Female,"Native Hawaiian and Other Pacific Islander, alone",10.58477429
2021-09-30,9,Connecticut,Female,"Some other race, alone",305.21688450000005
2021-09-30,9,Connecticut,Female,Two or more races,374.2404708
2021-09-30,9,Connecticut,Female,Hispanic or Latino (of any race),1485.814933
2021-09-30,9,Connecticut,Female,"White alone, Not Hispanic or Latino",9268.615423000001
2021-09-30,9,Connecticut,Male,Total,145156.3839
2021-09-30,9,Connecticut,Male,"White, alone",127010.7606
2021-09-30,9,Connecticut,Male,"Black or African American, alone",12656.988879999999
2021-09-30,9,Connecticut,Male,"American Indian and Alaska Native, alone",444.56812599999995
2021-09-30,9,Connecticut,Male,"Asian, alone",413.8036712
2021-09-30,9,Connecticut,Male,"Native Hawaiian and Other Pacific Islander, alone",2.7207779569999997
2021-09-30,9,Connecticut,Male,"Some other race, alone",2205.6533050000003
2021-09-30,9,Connecticut,Male,Two or more races,2421.8885210000003
2021-09-30,9,Connecticut,Male,Hispanic or Latino (of any race),12264.82936
2021-09-30,9,Connecticut,Male,"White alone, Not Hispanic or Latino",118644.2845
2021-09-30,10,Delaware,Female,Total,7336.656776999999
2021-09-30,10,Delaware,Female,"White, alone",4973.731352000001
2021-09-30,10,Delaware,Female,"Black or African American, alone",2013.6610629999998
2021-09-30,10,Delaware,Female,"American Indian and Alaska Native, alone",18.50473442
2021-09-30,10,Delaware,Female,"Asian, alone",122.6563615
2021-09-30,10,Delaware,Female,"Native Hawaiian and Other Pacific Islander, alone",9.735963400000001
2021-09-30,10,Delaware,Female,"Some other race, alone",112.9035216
2021-09-30,10,Delaware,Female,Two or more races,85.4637803
2021-09-30,10,Delaware,Female,Hispanic or Latino (of any race),461.28015700000003
2021-09-30,10,Delaware,Female,"White alone, Not Hispanic or Latino",4661.325196
2021-09-30,10,Delaware,Male,Total,61513.30968
2021-09-30,10,Delaware,Male,"White, alone",47220.06121
2021-09-30,10,Delaware,Male,"Black or African American, alone",12257.92472
2021-09-30,10,Delaware,Male,"American Indian and Alaska Native, alone",154.3239085
2021-09-30,10,Delaware,Male,"Asian, alone",110.58565320000001
2021-09-30,10,Delaware,Male,"Native Hawaiian and Other Pacific Islander, alone",0.801435858
2021-09-30,10,Delaware,Male,"Some other race, alone",80.50932363
2021-09-30,10,Delaware,Male,Two or more races,1689.1034329999998
2021-09-30,10,Delaware,Male,Hispanic or Latino (of any race),1842.5453850000001
2021-09-30,10,Delaware,Male,"White alone, Not Hispanic or Latino",45461.853489999994
2021-09-30,11,District of Columbia,Female,Total,4169.134729
2021-09-30,11,District of Columbia,Female,"White, alone",2101.767644
2021-09-30,11,District of Columbia,Female,"Black or African American, alone",1703.343568
2021-09-30,11,District of Columbia,Female,"American Indian and Alaska Native, alone",15.94635701
2021-09-30,11,District of Columbia,Female,"Asian, alone",36.06272723
2021-09-30,11,District of Columbia,Female,"Native Hawaiian and Other Pacific Islander, alone",6.0764750979999995
2021-09-30,11,District of Columbia,Female,"Some other race, alone",87.54169602
2021-09-30,11,District of Columbia,Female,Two or more races,218.3962613
2021-09-30,11,District of Columbia,Female,Hispanic or Latino (of any race),365.64924069999995
2021-09-30,11,District of Columbia,Female,"White alone, Not Hispanic or Latino",1904.187502
2021-09-30,11,District of Columbia,Male,Total,24116.83758
2021-09-30,11,District of Columbia,Male,"White, alone",10667.173999999999
2021-09-30,11,District of Columbia,Male,"Black or African American, alone",11528.94157
2021-09-30,11,District of Columbia,Male,"American Indian and Alaska Native, alone",427.61638830000004
2021-09-30,11,District of Columbia,Male,"Asian, alone",286.1256045
2021-09-30,11,District of Columbia,Male,"Native Hawaiian and Other Pacific Islander, alone",39.65975392
2021-09-30,11,District of Columbia,Male,"Some other race, alone",302.19542
2021-09-30,11,District of Columbia,Male,Two or more races,865.1248319
2021-09-30,11,District of Columbia,Male,Hispanic or Latino (of any race),1705.293547
2021-09-30,11,District of Columbia,Male,"White alone, Not Hispanic or Latino",9393.897762
2021-09-30,12,Florida,Female,Total,164350.1055
2021-09-30,12,Florida,Female,"White, alone",116172.2872
2021-09-30,12,Florida,Female,"Black or African American, alone",34962.197739999996
2021-09-30,12,Florida,Female,"American Indian and Alaska Native, alone",1118.156059
2021-09-30,12,Florida,Female,"Asian, alone",2181.680974
2021-09-30,12,Florida,Female,"Native Hawaiian and Other Pacific Islander, alone",117.7980463
2021-09-30,12,Florida,Female,"Some other race, alone",3316.367935
2021-09-30,12,Florida,Female,Two or more races,6481.617529
2021-09-30,12,Florida,Female,Hispanic or Latino (of any race),18246.45764
2021-09-30,12,Florida,Female,"White alone, Not Hispanic or Latino",103209.2773
2021-09-30,12,Florida,Male,Total,1327826.263
2021-09-30,12,Florida,Male,"White, alone",1111120.061
2021-09-30,12,Florida,Male,"Black or African American, alone",152904.0501
2021-09-30,12,Florida,Male,"American Indian and Alaska Native, alone",5911.846621
2021-09-30,12,Florida,Male,"Asian, alone",14395.610180000001
2021-09-30,12,Florida,Male,"Native Hawaiian and Other Pacific Islander, alone",844.8975375
2021-09-30,12,Florida,Male,"Some other race, alone",16708.45865
2021-09-30,12,Florida,Male,Two or more races,25941.33905
2021-09-30,12,Florida,Male,Hispanic or Latino (of any race),139944.8465
2021-09-30,12,Florida,Male,"White alone, Not Hispanic or Latino",999829.4823
2021-09-30,13,Georgia,Female,Total,96618.10937
2021-09-30,13,Georgia,Female,"White, alone",43608.1173
2021-09-30,13,Georgia,Female,"Black or African American, alone",47549.42356
2021-09-30,13,Georgia,Female,"American Indian and Alaska Native, alone",153.66636880000001
2021-09-30,13,Georgia,Female,"Asian, alone",648.3485061000001
2021-09-30,13,Georgia,Female,"Native Hawaiian and Other Pacific Islander, alone",262.2789404
2021-09-30,13,Georgia,Female,"Some other race, alone",1678.0106010000002
2021-09-30,13,Georgia,Female,Two or more races,2718.2640920000003
2021-09-30,13,Georgia,Female,Hispanic or Latino (of any race),4980.224989
2021-09-30,13,Georgia,Female,"White alone, Not Hispanic or Latino",40923.69519
2021-09-30,13,Georgia,Male,Total,592655.645
2021-09-30,13,Georgia,Male,"White, alone",377052.394
2021-09-30,13,Georgia,Male,"Black or African American, alone",189888.6205
2021-09-30,13,Georgia,Male,"American Indian and Alaska Native, alone",1463.007984
2021-09-30,13,Georgia,Male,"Asian, alone",6362.996359000001
2021-09-30,13,Georgia,Male,"Native Hawaiian and Other Pacific Islander, alone",1000.4629470000001
2021-09-30,13,Georgia,Male,"Some other race, alone",6577.6617909999995
2021-09-30,13,Georgia,Male,Two or more races,10310.501390000001
2021-09-30,13,Georgia,Male,Hispanic or Latino (of any race),24806.57112
2021-09-30,13,Georgia,Male,"White alone, Not Hispanic or Latino",362257.07399999996
2021-09-30,15,Hawaii,Female,Total,13245.20335
2021-09-30,15,Hawaii,Female,"White, alone",6141.055186
2021-09-30,15,Hawaii,Female,"Black or African American, alone",2117.401233
2021-09-30,15,Hawaii,Female,"American Indian and Alaska Native, alone",8.756932196000001
2021-09-30,15,Hawaii,Female,"Asian, alone",2112.5741199999998
2021-09-30,15,Hawaii,Female,"Native Hawaiian and Other Pacific Islander, alone",1401.337367
2021-09-30,15,Hawaii,Female,"Some other race, alone",349.84097819999994
2021-09-30,15,Hawaii,Female,Two or more races,1114.23753
2021-09-30,15,Hawaii,Female,Hispanic or Latino (of any race),1338.3566460000002
2021-09-30,15,Hawaii,Female,"White alone, Not Hispanic or Latino",5492.613687
2021-09-30,15,Hawaii,Male,Total,99511.18114
2021-09-30,15,Hawaii,Male,"White, alone",41388.45845
2021-09-30,15,Hawaii,Male,"Black or African American, alone",4414.8580090000005
2021-09-30,15,Hawaii,Male,"American Indian and Alaska Native, alone",299.40678710000003
2021-09-30,15,Hawaii,Male,"Asian, alone",29894.09271
2021-09-30,15,Hawaii,Male,"Native Hawaiian and Other Pacific Islander, alone",7109.412402
2021-09-30,15,Hawaii,Male,"Some other race, alone",1199.528833
2021-09-30,15,Hawaii,Male,Two or more races,15205.42394
2021-09-30,15,Hawaii,Male,Hispanic or Latino (of any race),10959.25455
2021-09-30,15,Hawaii,Male,"White alone, Not Hispanic or Latino",36271.225289999995
2021-09-30,16,Idaho,Female,Total,12250.70733
2021-09-30,16,Idaho,Female,"White, alone",10981.58936
2021-09-30,16,Idaho,Female,"Black or African American, alone",375.65326239999996
2021-09-30,16,Idaho,Female,"American Indian and Alaska Native, alone",49.95992570000001
2021-09-30,16,Idaho,Female,"Asian, alone",252.5963651
2021-09-30,16,Idaho,Female,"Native Hawaiian and Other Pacific Islander, alone",12.29924242
2021-09-30,16,Idaho,Female,"Some other race, alone",60.60215119
2021-09-30,16,Idaho,Female,Two or more races,518.0070331000001
2021-09-30,16,Idaho,Female,Hispanic or Latino (of any race),1525.3282880000002
2021-09-30,16,Idaho,Female,"White alone, Not Hispanic or Latino",9601.426499
2021-09-30,16,Idaho,Male,Total,110285.6686
2021-09-30,16,Idaho,Male,"White, alone",102906.8156
2021-09-30,16,Idaho,Male,"Black or African American, alone",1998.483988
2021-09-30,16,Idaho,Male,"American Indian and Alaska Native, alone",1020.5373300000001
2021-09-30,16,Idaho,Male,"Asian, alone",553.0629418
2021-09-30,16,Idaho,Male,"Native Hawaiian and Other Pacific Islander, alone",82.40668293
2021-09-30,16,Idaho,Male,"Some other race, alone",2085.075207
2021-09-30,16,Idaho,Male,Two or more races,1639.286903
2021-09-30,16,Idaho,Male,Hispanic or Latino (of any race),5038.166394
2021-09-30,16,Idaho,Male,"White alone, Not Hispanic or Latino",100241.0212
2021-09-30,17,Illinois,Female,Total,54099.56017999999
2021-09-30,17,Illinois,Female,"White, alone",41498.70525
2021-09-30,17,Illinois,Female,"Black or African American, alone",10182.68482
2021-09-30,17,Illinois,Female,"American Indian and Alaska Native, alone",217.9397443
2021-09-30,17,Illinois,Female,"Asian, alone",1035.5208699999998
2021-09-30,17,Illinois,Female,"Native Hawaiian and Other Pacific Islander, alone",0.030899311000000002
2021-09-30,17,Illinois,Female,"Some other race, alone",273.7524358
2021-09-30,17,Illinois,Female,Two or more races,890.9261542000002
2021-09-30,17,Illinois,Female,Hispanic or Latino (of any race),3127.972308
2021-09-30,17,Illinois,Female,"White alone, Not Hispanic or Latino",39446.9297
2021-09-30,17,Illinois,Male,Total,537169.1599
2021-09-30,17,Illinois,Male,"White, alone",442463.5908
2021-09-30,17,Illinois,Male,"Black or African American, alone",72925.11737
2021-09-30,17,Illinois,Male,"American Indian and Alaska Native, alone",864.2369578
2021-09-30,17,Illinois,Male,"Asian, alone",6076.658478
2021-09-30,17,Illinois,Male,"Native Hawaiian and Other Pacific Islander, alone",190.53459660000001
2021-09-30,17,Illinois,Male,"Some other race, alone",6382.597811
2021-09-30,17,Illinois,Male,Two or more races,8266.423877
2021-09-30,17,Illinois,Male,Hispanic or Latino (of any race),31854.35263
2021-09-30,17,Illinois,Male,"White alone, Not Hispanic or Latino",418871.2457
2021-09-30,18,Indiana,Female,Total,36293.42912
2021-09-30,18,Indiana,Female,"White, alone",30432.6202
2021-09-30,18,Indiana,Female,"Black or African American, alone",3841.002429
2021-09-30,18,Indiana,Female,"American Indian and Alaska Native, alone",1.139777141
2021-09-30,18,Indiana,Female,"Asian, alone",745.1878471
2021-09-30,18,Indiana,Female,"Native Hawaiian and Other Pacific Islander, alone",45.47847026
2021-09-30,18,Indiana,Female,"Some other race, alone",456.81309239999996
2021-09-30,18,Indiana,Female,Two or more races,771.1873021
2021-09-30,18,Indiana,Female,Hispanic or Latino (of any race),1462.632157
2021-09-30,18,Indiana,Female,"White alone, Not Hispanic or Latino",29493.19668
2021-09-30,18,Indiana,Male,Total,366093.8075
2021-09-30,18,Indiana,Male,"White, alone",323535.7024
2021-09-30,18,Indiana,Male,"Black or African American, alone",31009.95254
2021-09-30,18,Indiana,Male,"American Indian and Alaska Native, alone",1160.631321
2021-09-30,18,Indiana,Male,"Asian, alone",1125.649008
2021-09-30,18,Indiana,Male,"Native Hawaiian and Other Pacific Islander, alone",437.030446
2021-09-30,18,Indiana,Male,"Some other race, alone",3929.141806
2021-09-30,18,Indiana,Male,Two or more races,4895.699977
2021-09-30,18,Indiana,Male,Hispanic or Latino (of any race),10186.712109999999
2021-09-30,18,Indiana,Male,"White alone, Not Hispanic or Latino",318179.0747
2021-09-30,19,Iowa,Female,Total,15933.851719999999
2021-09-30,19,Iowa,Female,"White, alone",15232.61026
2021-09-30,19,Iowa,Female,"Black or African American, alone",302.9045506
2021-09-30,19,Iowa,Female,"American Indian and Alaska Native, alone",20.08416437
2021-09-30,19,Iowa,Female,"Asian, alone",52.916998
2021-09-30,19,Iowa,Female,"Native Hawaiian and Other Pacific Islander, alone",11.43446409
2021-09-30,19,Iowa,Female,"Some other race, alone",59.24383427
2021-09-30,19,Iowa,Female,Two or more races,254.65744709999998
2021-09-30,19,Iowa,Female,Hispanic or Latino (of any race),268.6776138
2021-09-30,19,Iowa,Female,"White alone, Not Hispanic or Latino",15059.77355
2021-09-30,19,Iowa,Male,Total,179020.5604
2021-09-30,19,Iowa,Male,"White, alone",172395.3537
2021-09-30,19,Iowa,Male,"Black or African American, alone",2925.275373
2021-09-30,19,Iowa,Male,"American Indian and Alaska Native, alone",206.9097466
2021-09-30,19,Iowa,Male,"Asian, alone",732.4580359
2021-09-30,19,Iowa,Male,"Native Hawaiian and Other Pacific Islander, alone",615.6629666
2021-09-30,19,Iowa,Male,"Some other race, alone",558.7540228999999
2021-09-30,19,Iowa,Male,Two or more races,1586.146572
2021-09-30,19,Iowa,Male,Hispanic or Latino (of any race),3478.4410350000003
2021-09-30,19,Iowa,Male,"White alone, Not Hispanic or Latino",169746.8451
2021-09-30,20,Kansas,Female,Total,19986.80326
2021-09-30,20,Kansas,Female,"White, alone",15587.729640000001
2021-09-30,20,Kansas,Female,"Black or African American, alone",1299.003586
2021-09-30,20,Kansas,Female,"American Indian and Alaska Native, alone",631.6763589999999
2021-09-30,20,Kansas,Female,"Asian, alone",698.0170218999999
2021-09-30,20,Kansas,Female,"Native Hawaiian and Other Pacific Islander, alone",3.292279052
2021-09-30,20,Kansas,Female,"Some other race, alone",300.3267955
2021-09-30,20,Kansas,Female,Two or more races,1466.757576
2021-09-30,20,Kansas,Female,Hispanic or Latino (of any race),1824.8416960000002
2021-09-30,20,Kansas,Female,"White alone, Not Hispanic or Latino",14633.565180000001
2021-09-30,20,Kansas,Male,Total,172977.2431
2021-09-30,20,Kansas,Male,"White, alone",149075.7021
2021-09-30,20,Kansas,Male,"Black or African American, alone",12180.59828
2021-09-30,20,Kansas,Male,"American Indian and Alaska Native, alone",1815.3167260000002
2021-09-30,20,Kansas,Male,"Asian, alone",2334.657509
2021-09-30,20,Kansas,Male,"Native Hawaiian and Other Pacific Islander, alone",743.9807866
2021-09-30,20,Kansas,Male,"Some other race, alone",1548.180847
2021-09-30,20,Kansas,Male,Two or more races,5278.806835
2021-09-30,20,Kansas,Male,Hispanic or Latino (of any race),9656.711659999999
2021-09-30,20,Kansas,Male,"White alone, Not Hispanic or Latino",141109.5019
2021-09-30,21,Kentucky,Female,Total,27344.06977
2021-09-30,21,Kentucky,Female,"White, alone",21601.73299
2021-09-30,21,Kentucky,Female,"Black or African American, alone",3535.406139
2021-09-30,21,Kentucky,Female,"American Indian and Alaska Native, alone",208.1446071
2021-09-30,21,Kentucky,Female,"Asian, alone",903.9677
2021-09-30,21,Kentucky,Female,"Native Hawaiian and Other Pacific Islander, alone",449.20534110000006
2021-09-30,21,Kentucky,Female,"Some other race, alone",89.15045897
2021-09-30,21,Kentucky,Female,Two or more races,556.4625302000001
2021-09-30,21,Kentucky,Female,Hispanic or Latino (of any race),1346.839655
2021-09-30,21,Kentucky,Female,"White alone, Not Hispanic or Latino",20630.51314
2021-09-30,21,Kentucky,Male,Total,257458.4324
2021-09-30,21,Kentucky,Male,"White, alone",225559.9954
2021-09-30,21,Kentucky,Male,"Black or African American, alone",25988.792230000003
2021-09-30,21,Kentucky,Male,"American Indian and Alaska Native, alone",1022.718022
2021-09-30,21,Kentucky,Male,"Asian, alone",1176.834225
2021-09-30,21,Kentucky,Male,"Native Hawaiian and Other Pacific Islander, alone",422.6355635
2021-09-30,21,Kentucky,Male,"Some other race, alone",540.7365312000001
2021-09-30,21,Kentucky,Male,Two or more races,2746.720504
2021-09-30,21,Kentucky,Male,Hispanic or Latino (of any race),4771.055303
2021-09-30,21,Kentucky,Male,"White alone, Not Hispanic or Latino",222807.7834
2021-09-30,22,Louisiana,Female,Total,33743.80644
2021-09-30,22,Louisiana,Female,"White, alone",20325.185419999998
2021-09-30,22,Louisiana,Female,"Black or African American, alone",11907.575929999999
2021-09-30,22,Louisiana,Female,"American Indian and Alaska Native, alone",99.14153135
2021-09-30,22,Louisiana,Female,"Asian, alone",575.9841671
2021-09-30,22,Louisiana,Female,"Native Hawaiian and Other Pacific Islander, alone",7.792859776
2021-09-30,22,Louisiana,Female,"Some other race, alone",298.98227189999994
2021-09-30,22,Louisiana,Female,Two or more races,529.1442616
2021-09-30,22,Louisiana,Female,Hispanic or Latino (of any race),1259.452023
2021-09-30,22,Louisiana,Female,"White alone, Not Hispanic or Latino",19707.36265
2021-09-30,22,Louisiana,Male,Total,249255.0204
2021-09-30,22,Louisiana,Male,"White, alone",175687.5409
2021-09-30,22,Louisiana,Male,"Black or African American, alone",67257.73866
2021-09-30,22,Louisiana,Male,"American Indian and Alaska Native, alone",980.5325636
2021-09-30,22,Louisiana,Male,"Asian, alone",1448.466385
2021-09-30,22,Louisiana,Male,"Native Hawaiian and Other Pacific Islander, alone",34.24816976
2021-09-30,22,Louisiana,Male,"Some other race, alone",982.4962732999999
2021-09-30,22,Louisiana,Male,Two or more races,2863.997436
2021-09-30,22,Louisiana,Male,Hispanic or Latino (of any race),7019.908139
2021-09-30,22,Louisiana,Male,"White alone, Not Hispanic or Latino",170864.7699
2021-09-30,23,Maine,Female,Total,9891.126745
2021-09-30,23,Maine,Female,"White, alone",9305.392822
2021-09-30,23,Maine,Female,"Black or African American, alone",343.5729222
2021-09-30,23,Maine,Female,"American Indian and Alaska Native, alone",30.57579194
2021-09-30,23,Maine,Female,"Asian, alone",29.00246353
2021-09-30,23,Maine,Female,"Native Hawaiian and Other Pacific Islander, alone",5.482417625
2021-09-30,23,Maine,Female,"Some other race, alone",26.21531354
2021-09-30,23,Maine,Female,Two or more races,150.88501369999997
2021-09-30,23,Maine,Female,Hispanic or Latino (of any race),377.37783260000003
2021-09-30,23,Maine,Female,"White alone, Not Hispanic or Latino",8973.094181
2021-09-30,23,Maine,Male,Total,96942.43132999999
2021-09-30,23,Maine,Male,"White, alone",94294.16211
2021-09-30,23,Maine,Male,"Black or African American, alone",1141.898158
2021-09-30,23,Maine,Male,"American Indian and Alaska Native, alone",125.31244620000001
2021-09-30,23,Maine,Male,"Asian, alone",29.56051852
2021-09-30,23,Maine,Male,"Native Hawaiian and Other Pacific Islander, alone",1.270077043
2021-09-30,23,Maine,Male,"Some other race, alone",5.674227768
2021-09-30,23,Maine,Male,Two or more races,1344.553786
2021-09-30,23,Maine,Male,Hispanic or Latino (of any race),853.4536497000001
2021-09-30,23,Maine,Male,"White alone, Not Hispanic or Latino",93519.16444
2021-09-30,24,Maryland,Female,Total,54692.77899
2021-09-30,24,Maryland,Female,"White, alone",28422.93839
2021-09-30,24,Maryland,Female,"Black or African American, alone",21037.45934
2021-09-30,24,Maryland,Female,"American Indian and Alaska Native, alone",192.0123118
2021-09-30,24,Maryland,Female,"Asian, alone",2152.506975
2021-09-30,24,Maryland,Female,"Native Hawaiian and Other Pacific Islander, alone",0.765352502
2021-09-30,24,Maryland,Female,"Some other race, alone",631.7410064
2021-09-30,24,Maryland,Female,Two or more races,2255.355606
2021-09-30,24,Maryland,Female,Hispanic or Latino (of any race),3766.5364560000003
2021-09-30,24,Maryland,Female,"White alone, Not Hispanic or Latino",26843.105030000002
2021-09-30,24,Maryland,Male,Total,323078.93100000004
2021-09-30,24,Maryland,Male,"White, alone",202456.0839
2021-09-30,24,Maryland,Male,"Black or African American, alone",96891.5528
2021-09-30,24,Maryland,Male,"American Indian and Alaska Native, alone",991.1041853
2021-09-30,24,Maryland,Male,"Asian, alone",7925.927922
2021-09-30,24,Maryland,Male,"Native Hawaiian and Other Pacific Islander, alone",578.3834592000001
2021-09-30,24,Maryland,Male,"Some other race, alone",3135.517372
2021-09-30,24,Maryland,Male,Two or more races,11100.36138
2021-09-30,24,Maryland,Male,Hispanic or Latino (of any race),13355.03239
2021-09-30,24,Maryland,Male,"White alone, Not Hispanic or Latino",195487.5056
2021-09-30,25,Massachusetts,Female,Total,25084.66468
2021-09-30,25,Massachusetts,Female,"White, alone",20950.19072
2021-09-30,25,Massachusetts,Female,"Black or African American, alone",1996.985279
2021-09-30,25,Massachusetts,Female,"American Indian and Alaska Native, alone",85.18298572
2021-09-30,25,Massachusetts,Female,"Asian, alone",760.1848146000001
2021-09-30,25,Massachusetts,Female,"Native Hawaiian and Other Pacific Islander, alone",6.928285633
2021-09-30,25,Massachusetts,Female,"Some other race, alone",405.9921548
2021-09-30,25,Massachusetts,Female,Two or more races,879.2004489
2021-09-30,25,Massachusetts,Female,Hispanic or Latino (of any race),3131.4919760000002
2021-09-30,25,Massachusetts,Female,"White alone, Not Hispanic or Latino",18559.03737
2021-09-30,25,Massachusetts,Male,Total,280622.0391
2021-09-30,25,Massachusetts,Male,"White, alone",255972.6259
2021-09-30,25,Massachusetts,Male,"Black or African American, alone",13308.69023
2021-09-30,25,Massachusetts,Male,"American Indian and Alaska Native, alone",1195.770736
2021-09-30,25,Massachusetts,Male,"Asian, alone",2775.398262
2021-09-30,25,Massachusetts,Male,"Native Hawaiian and Other Pacific Islander, alone",42.91316405
2021-09-30,25,Massachusetts,Male,"Some other race, alone",3097.9467640000003
2021-09-30,25,Massachusetts,Male,Two or more races,4228.694056
2021-09-30,25,Massachusetts,Male,Hispanic or Latino (of any race),11386.229879999999
2021-09-30,25,Massachusetts,Male,"White alone, Not Hispanic or Latino",248143.4672
2021-09-30,26,Michigan,Female,Total,47716.69732
2021-09-30,26,Michigan,Female,"White, alone",36742.61968
2021-09-30,26,Michigan,Female,"Black or African American, alone",7585.783868
2021-09-30,26,Michigan,Female,"American Indian and Alaska Native, alone",160.99025490000002
2021-09-30,26,Michigan,Female,"Asian, alone",1398.173445
2021-09-30,26,Michigan,Female,"Native Hawaiian and Other Pacific Islander, alone",142.97409230000002
2021-09-30,26,Michigan,Female,"Some other race, alone",397.7896213
2021-09-30,26,Michigan,Female,Two or more races,1288.3663589999999
2021-09-30,26,Michigan,Female,Hispanic or Latino (of any race),3286.5786329999996
2021-09-30,26,Michigan,Female,"White alone, Not Hispanic or Latino",34832.75751
2021-09-30,26,Michigan,Male,Total,506563.9976
2021-09-30,26,Michigan,Male,"White, alone",439076.4526
2021-09-30,26,Michigan,Male,"Black or African American, alone",50803.8237
2021-09-30,26,Michigan,Male,"American Indian and Alaska Native, alone",3615.6204
2021-09-30,26,Michigan,Male,"Asian, alone",2964.085782
2021-09-30,26,Michigan,Male,"Native Hawaiian and Other Pacific Islander, alone",0.016722543
2021-09-30,26,Michigan,Male,"Some other race, alone",1691.089602
2021-09-30,26,Michigan,Male,Two or more races,8412.908779000001
2021-09-30,26,Michigan,Male,Hispanic or Latino (of any race),14231.437890000001
2021-09-30,26,Michigan,Male,"White alone, Not Hispanic or Latino",428868.9794
2021-09-30,27,Minnesota,Female,Total,26066.134309999998
2021-09-30,27,Minnesota,Female,"White, alone",22578.84029
2021-09-30,27,Minnesota,Female,"Black or African American, alone",1149.512921
2021-09-30,27,Minnesota,Female,"American Indian and Alaska Native, alone",746.1720377
2021-09-30,27,Minnesota,Female,"Asian, alone",859.0811941
2021-09-30,27,Minnesota,Female,"Native Hawaiian and Other Pacific Islander, alone",2.070751316
2021-09-30,27,Minnesota,Female,"Some other race, alone",17.83461263
2021-09-30,27,Minnesota,Female,Two or more races,712.6225081
2021-09-30,27,Minnesota,Female,Hispanic or Latino (of any race),1941.9819969999999
2021-09-30,27,Minnesota,Female,"White alone, Not Hispanic or Latino",21354.62157
2021-09-30,27,Minnesota,Male,Total,278210.1702
2021-09-30,27,Minnesota,Male,"White, alone",259360.0664
2021-09-30,27,Minnesota,Male,"Black or African American, alone",8500.210323000001
2021-09-30,27,Minnesota,Male,"American Indian and Alaska Native, alone",3305.170284
2021-09-30,27,Minnesota,Male,"Asian, alone",2086.432156
2021-09-30,27,Minnesota,Male,"Native Hawaiian and Other Pacific Islander, alone",0.008385594
2021-09-30,27,Minnesota,Male,"Some other race, alone",254.1871412
2021-09-30,27,Minnesota,Male,Two or more races,4704.0954950000005
2021-09-30,27,Minnesota,Male,Hispanic or Latino (of any race),4773.328863000001
2021-09-30,27,Minnesota,Male,"White alone, Not Hispanic or Latino",254995.4218
2021-09-30,28,Mississippi,Female,Total,22310.74249
2021-09-30,28,Mississippi,Female,"White, alone",12248.10753
2021-09-30,28,Mississippi,Female,"Black or African American, alone",7914.074806999999
2021-09-30,28,Mississippi,Female,"American Indian and Alaska Native, alone",345.9001518
2021-09-30,28,Mississippi,Female,"Asian, alone",265.3016952
2021-09-30,28,Mississippi,Female,"Native Hawaiian and Other Pacific Islander, alone",301.7037185
2021-09-30,28,Mississippi,Female,"Some other race, alone",68.21892772
2021-09-30,28,Mississippi,Female,Two or more races,1167.435658
2021-09-30,28,Mississippi,Female,Hispanic or Latino (of any race),579.9740045
2021-09-30,28,Mississippi,Female,"White alone, Not Hispanic or Latino",11774.1699
2021-09-30,28,Mississippi,Male,Total,160463.7499
2021-09-30,28,Mississippi,Male,"White, alone",110600.0249
2021-09-30,28,Mississippi,Male,"Black or African American, alone",44521.92417
2021-09-30,28,Mississippi,Male,"American Indian and Alaska Native, alone",551.7491522999999
2021-09-30,28,Mississippi,Male,"Asian, alone",2323.841345
2021-09-30,28,Mississippi,Male,"Native Hawaiian and Other Pacific Islander, alone",93.31401035
2021-09-30,28,Mississippi,Male,"Some other race, alone",736.0088162999999
2021-09-30,28,Mississippi,Male,Two or more races,1636.8874970000002
2021-09-30,28,Mississippi,Male,Hispanic or Latino (of any race),3655.105124
2021-09-30,28,Mississippi,Male,"White alone, Not Hispanic or Latino",108068.8675
2021-09-30,29,Missouri,Female,Total,38351.882260000006
2021-09-30,29,Missouri,Female,"White, alone",29680.75579
2021-09-30,29,Missouri,Female,"Black or African American, alone",5532.11747
2021-09-30,29,Missouri,Female,"American Indian and Alaska Native, alone",9.808927408999999
2021-09-30,29,Missouri,Female,"Asian, alone",1226.651167
2021-09-30,29,Missouri,Female,"Native Hawaiian and Other Pacific Islander, alone",120.64294380000001
2021-09-30,29,Missouri,Female,"Some other race, alone",694.2259073
2021-09-30,29,Missouri,Female,Two or more races,1087.680052
2021-09-30,29,Missouri,Female,Hispanic or Latino (of any race),2263.396202
2021-09-30,29,Missouri,Female,"White alone, Not Hispanic or Latino",28129.425219999997
2021-09-30,29,Missouri,Male,Total,375389.6384
2021-09-30,29,Missouri,Male,"White, alone",328175.1777
2021-09-30,29,Missouri,Male,"Black or African American, alone",36205.433939999995
2021-09-30,29,Missouri,Male,"American Indian and Alaska Native, alone",2078.815282
2021-09-30,29,Missouri,Male,"Asian, alone",1583.42211
2021-09-30,29,Missouri,Male,"Native Hawaiian and Other Pacific Islander, alone",81.08308050000001
2021-09-30,29,Missouri,Male,"Some other race, alone",1853.8471940000002
2021-09-30,29,Missouri,Male,Two or more races,5411.859039
2021-09-30,29,Missouri,Male,Hispanic or Latino (of any race),7288.772448999999
2021-09-30,29,Missouri,Male,"White alone, Not Hispanic or Latino",322708.7814
2021-09-30,30,Montana,Female,Total,9285.117381999999
2021-09-30,30,Montana,Female,"White, alone",8148.592742
2021-09-30,30,Montana,Female,"Black or African American, alone",463.16645669999997
2021-09-30,30,Montana,Female,"American Indian and Alaska Native, alone",266.8835002
2021-09-30,30,Montana,Female,"Asian, alone",36.91280259
2021-09-30,30,Montana,Female,"Native Hawaiian and Other Pacific Islander, alone",5.4338852829999995
2021-09-30,30,Montana,Female,"Some other race, alone",299.8092815
2021-09-30,30,Montana,Female,Two or more races,64.31871353
2021-09-30,30,Montana,Female,Hispanic or Latino (of any race),692.9072992
2021-09-30,30,Montana,Female,"White alone, Not Hispanic or Latino",7781.954956999999
2021-09-30,30,Montana,Male,Total,79066.77848
2021-09-30,30,Montana,Male,"White, alone",71951.7203
2021-09-30,30,Montana,Male,"Black or African American, alone",813.9632475999999
2021-09-30,30,Montana,Male,"American Indian and Alaska Native, alone",4584.158731
2021-09-30,30,Montana,Male,"Asian, alone",200.46594119999997
2021-09-30,30,Montana,Male,"Native Hawaiian and Other Pacific Islander, alone",6.000691542999999
2021-09-30,30,Montana,Male,"Some other race, alone",411.0199397
2021-09-30,30,Montana,Male,Two or more races,1099.449627
2021-09-30,30,Montana,Male,Hispanic or Latino (of any race),2358.788447
2021-09-30,30,Montana,Male,"White alone, Not Hispanic or Latino",70827.62728
2021-09-30,31,Nebraska,Female,Total,12268.42185
2021-09-30,31,Nebraska,Female,"White, alone",10707.770779999999
2021-09-30,31,Nebraska,Female,"Black or African American, alone",916.1981891
2021-09-30,31,Nebraska,Female,"American Indian and Alaska Native, alone",146.2272263
2021-09-30,31,Nebraska,Female,"Asian, alone",65.23099887
2021-09-30,31,Nebraska,Female,"Native Hawaiian and Other Pacific Islander, alone",12.50466646
2021-09-30,31,Nebraska,Female,"Some other race, alone",224.9672588
2021-09-30,31,Nebraska,Female,Two or more races,195.52272969999999
2021-09-30,31,Nebraska,Female,Hispanic or Latino (of any race),1162.721381
2021-09-30,37,North Carolina,Male,"Asian, alone",2844.553779
2021-09-30,31,Nebraska,Female,"White alone, Not Hispanic or Latino",9815.714028
2021-09-30,31,Nebraska,Male,Total,112031.2525
2021-09-30,31,Nebraska,Male,"White, alone",102905.1171
2021-09-30,31,Nebraska,Male,"Black or African American, alone",5276.806708
2021-09-30,31,Nebraska,Male,"American Indian and Alaska Native, alone",1042.988629
2021-09-30,31,Nebraska,Male,"Asian, alone",748.9533079
2021-09-30,31,Nebraska,Male,"Native Hawaiian and Other Pacific Islander, alone",249.09318739999998
2021-09-30,31,Nebraska,Male,"Some other race, alone",431.26234730000004
2021-09-30,31,Nebraska,Male,Two or more races,1377.0312119999999
2021-09-30,31,Nebraska,Male,Hispanic or Latino (of any race),4776.460416
2021-09-30,31,Nebraska,Male,"White alone, Not Hispanic or Latino",99162.76367999999
2021-09-30,32,Nevada,Female,Total,24351.22689
2021-09-30,32,Nevada,Female,"White, alone",15479.60764
2021-09-30,32,Nevada,Female,"Black or African American, alone",4548.193814
2021-09-30,32,Nevada,Female,"American Indian and Alaska Native, alone",896.9240497999999
2021-09-30,32,Nevada,Female,"Asian, alone",1321.3777630000002
2021-09-30,32,Nevada,Female,"Native Hawaiian and Other Pacific Islander, alone",6.484975365
2021-09-30,32,Nevada,Female,"Some other race, alone",715.0714830000001
2021-09-30,32,Nevada,Female,Two or more races,1383.567164
2021-09-30,32,Nevada,Female,Hispanic or Latino (of any race),2947.073694
2021-09-30,32,Nevada,Female,"White alone, Not Hispanic or Latino",14245.294259999999
2021-09-30,32,Nevada,Male,Total,193700.4524
2021-09-30,32,Nevada,Male,"White, alone",149447.9485
2021-09-30,32,Nevada,Male,"Black or African American, alone",20347.833
2021-09-30,32,Nevada,Male,"American Indian and Alaska Native, alone",1587.778743
2021-09-30,32,Nevada,Male,"Asian, alone",8867.727017000001
2021-09-30,32,Nevada,Male,"Native Hawaiian and Other Pacific Islander, alone",1238.489424
2021-09-30,32,Nevada,Male,"Some other race, alone",5538.4112079999995
2021-09-30,32,Nevada,Male,Two or more races,6672.2645
2021-09-30,32,Nevada,Male,Hispanic or Latino (of any race),20515.04133
2021-09-30,32,Nevada,Male,"White alone, Not Hispanic or Latino",137104.1677
2021-09-30,33,New Hampshire,Female,Total,9113.250952
2021-09-30,33,New Hampshire,Female,"White, alone",8043.67967
2021-09-30,33,New Hampshire,Female,"Black or African American, alone",327.99800869999996
2021-09-30,33,New Hampshire,Female,"American Indian and Alaska Native, alone",59.89950333
2021-09-30,33,New Hampshire,Female,"Asian, alone",28.20337056
2021-09-30,33,New Hampshire,Female,"Native Hawaiian and Other Pacific Islander, alone",246.98779080000003
2021-09-30,33,New Hampshire,Female,"Some other race, alone",24.76379071
2021-09-30,33,New Hampshire,Female,Two or more races,381.7188181
2021-09-30,33,New Hampshire,Female,Hispanic or Latino (of any race),500.21655210000006
2021-09-30,33,New Hampshire,Female,"White alone, Not Hispanic or Latino",7586.576387
2021-09-30,33,New Hampshire,Male,Total,88158.19245
2021-09-30,33,New Hampshire,Male,"White, alone",85394.79251
2021-09-30,33,New Hampshire,Male,"Black or African American, alone",493.4637881
2021-09-30,33,New Hampshire,Male,"American Indian and Alaska Native, alone",355.8470001
2021-09-30,33,New Hampshire,Male,"Asian, alone",532.2665677
2021-09-30,33,New Hampshire,Male,"Native Hawaiian and Other Pacific Islander, alone",149.6273706
2021-09-30,33,New Hampshire,Male,"Some other race, alone",134.9224929
2021-09-30,33,New Hampshire,Male,Two or more races,1097.272718
2021-09-30,33,New Hampshire,Male,Hispanic or Latino (of any race),1391.78663
2021-09-30,33,New Hampshire,Male,"White alone, Not Hispanic or Latino",84741.4563
2021-09-30,34,New Jersey,Female,Total,28074.89288
2021-09-30,34,New Jersey,Female,"White, alone",16657.36381
2021-09-30,34,New Jersey,Female,"Black or African American, alone",5689.899297999999
2021-09-30,34,New Jersey,Female,"American Indian and Alaska Native, alone",557.1795873
2021-09-30,34,New Jersey,Female,"Asian, alone",2134.1334829999996
2021-09-30,34,New Jersey,Female,"Native Hawaiian and Other Pacific Islander, alone",182.19220990000002
2021-09-30,34,New Jersey,Female,"Some other race, alone",1206.152754
2021-09-30,34,New Jersey,Female,Two or more races,1647.971747
2021-09-30,34,New Jersey,Female,Hispanic or Latino (of any race),5421.201174
2021-09-30,34,New Jersey,Female,"White alone, Not Hispanic or Latino",14310.36449
2021-09-30,34,New Jersey,Male,Total,300883.3742
2021-09-30,34,New Jersey,Male,"White, alone",242500.4386
2021-09-30,34,New Jersey,Male,"Black or African American, alone",38680.60284
2021-09-30,34,New Jersey,Male,"American Indian and Alaska Native, alone",378.966949
2021-09-30,34,New Jersey,Male,"Asian, alone",5386.68884
2021-09-30,34,New Jersey,Male,"Native Hawaiian and Other Pacific Islander, alone",0.0
2021-09-30,34,New Jersey,Male,"Some other race, alone",8513.170666
2021-09-30,34,New Jersey,Male,Two or more races,5423.506356
2021-09-30,34,New Jersey,Male,Hispanic or Latino (of any race),35836.03755
2021-09-30,34,New Jersey,Male,"White alone, Not Hispanic or Latino",219444.2582
2021-09-30,35,New Mexico,Female,Total,16676.22455
2021-09-30,35,New Mexico,Female,"White, alone",12116.9743
2021-09-30,35,New Mexico,Female,"Black or African American, alone",875.2903045
2021-09-30,35,New Mexico,Female,"American Indian and Alaska Native, alone",2186.882356
2021-09-30,35,New Mexico,Female,"Asian, alone",8.820022499
2021-09-30,35,New Mexico,Female,"Native Hawaiian and Other Pacific Islander, alone",95.97268365
2021-09-30,35,New Mexico,Female,"Some other race, alone",1007.2716019999999
2021-09-30,35,New Mexico,Female,Two or more races,385.0132873
2021-09-30,35,New Mexico,Female,Hispanic or Latino (of any race),3971.532686
2021-09-30,35,New Mexico,Female,"White alone, Not Hispanic or Latino",9461.903623999999
2021-09-30,35,New Mexico,Male,Total,131701.1048
2021-09-30,35,New Mexico,Male,"White, alone",108618.3294
2021-09-30,35,New Mexico,Male,"Black or African American, alone",6510.70134
2021-09-30,35,New Mexico,Male,"American Indian and Alaska Native, alone",7569.655131
2021-09-30,35,New Mexico,Male,"Asian, alone",1195.7881109999998
2021-09-30,35,New Mexico,Male,"Native Hawaiian and Other Pacific Islander, alone",343.7525488
2021-09-30,35,New Mexico,Male,"Some other race, alone",4314.677353
2021-09-30,35,New Mexico,Male,Two or more races,3148.200902
2021-09-30,35,New Mexico,Male,Hispanic or Latino (of any race),42705.489610000004
2021-09-30,35,New Mexico,Male,"White alone, Not Hispanic or Latino",72203.26008
2021-09-30,36,New York,Female,Total,62893.17461
2021-09-30,36,New York,Female,"White, alone",44662.15829
2021-09-30,36,New York,Female,"Black or African American, alone",11932.38779
2021-09-30,36,New York,Female,"American Indian and Alaska Native, alone",931.3261277999999
2021-09-30,36,New York,Female,"Asian, alone",1122.602421
2021-09-30,36,New York,Female,"Native Hawaiian and Other Pacific Islander, alone",233.11702160000002
2021-09-30,36,New York,Female,"Some other race, alone",2467.999582
2021-09-30,36,New York,Female,Two or more races,1543.583372
2021-09-30,36,New York,Female,Hispanic or Latino (of any race),7295.424249
2021-09-30,36,New York,Female,"White alone, Not Hispanic or Latino",40939.65057
2021-09-30,36,New York,Male,Total,651213.6722
2021-09-30,36,New York,Male,"White, alone",532457.6284
2021-09-30,36,New York,Male,"Black or African American, alone",74872.20463
2021-09-30,36,New York,Male,"American Indian and Alaska Native, alone",3100.629046
2021-09-30,36,New York,Male,"Asian, alone",11140.29956
2021-09-30,36,New York,Male,"Native Hawaiian and Other Pacific Islander, alone",0.0
2021-09-30,36,New York,Male,"Some other race, alone",16871.73618
2021-09-30,36,New York,Male,Two or more races,12771.17447
2021-09-30,36,New York,Male,Hispanic or Latino (of any race),59504.10503
2021-09-30,36,New York,Male,"White alone, Not Hispanic or Latino",500092.4136
2021-09-30,37,North Carolina,Female,Total,82828.75774
2021-09-30,37,North Carolina,Female,"White, alone",49573.70875
2021-09-30,37,North Carolina,Female,"Black or African American, alone",25663.676330000002
2021-09-30,37,North Carolina,Female,"American Indian and Alaska Native, alone",202.6825104
2021-09-30,37,North Carolina,Female,"Asian, alone",1120.646103
2021-09-30,37,North Carolina,Female,"Native Hawaiian and Other Pacific Islander, alone",644.1338383
2021-09-30,37,North Carolina,Female,"Some other race, alone",2887.42326
2021-09-30,37,North Carolina,Female,Two or more races,2736.4869489999996
2021-09-30,37,North Carolina,Female,Hispanic or Latino (of any race),7625.988855
2021-09-30,37,North Carolina,Female,"White alone, Not Hispanic or Latino",45698.68038
2021-09-30,37,North Carolina,Male,Total,605430.3554
2021-09-30,37,North Carolina,Male,"White, alone",455494.5257
2021-09-30,37,North Carolina,Male,"Black or African American, alone",123473.2088
2021-09-30,37,North Carolina,Male,"American Indian and Alaska Native, alone",5611.124882
2021-09-30,37,North Carolina,Male,"Native Hawaiian and Other Pacific Islander, alone",974.1640484
2021-09-30,37,North Carolina,Male,"Some other race, alone",5246.680840999999
2021-09-30,37,North Carolina,Male,Two or more races,11786.09734
2021-09-30,37,North Carolina,Male,Hispanic or Latino (of any race),20439.25634
2021-09-30,37,North Carolina,Male,"White alone, Not Hispanic or Latino",443414.5661
2021-09-30,38,North Dakota,Female,Total,5827.046408
2021-09-30,38,North Dakota,Female,"White, alone",4961.177898
2021-09-30,38,North Dakota,Female,"Black or African American, alone",264.2459684
2021-09-30,38,North Dakota,Female,"American Indian and Alaska Native, alone",177.12432230000002
2021-09-30,38,North Dakota,Female,"Asian, alone",39.1190474
2021-09-30,38,North Dakota,Female,"Native Hawaiian and Other Pacific Islander, alone",7.857304817999999
2021-09-30,38,North Dakota,Female,"Some other race, alone",40.198228799999995
2021-09-30,38,North Dakota,Female,Two or more races,337.3236379
2021-09-30,38,North Dakota,Female,Hispanic or Latino (of any race),178.6788856
2021-09-30,38,North Dakota,Female,"White alone, Not Hispanic or Latino",4849.304821
2021-09-30,38,North Dakota,Male,Total,46778.37251
2021-09-30,38,North Dakota,Male,"White, alone",43277.74634
2021-09-30,38,North Dakota,Male,"Black or African American, alone",120.67746570000001
2021-09-30,38,North Dakota,Male,"American Indian and Alaska Native, alone",1214.275022
2021-09-30,38,North Dakota,Male,"Asian, alone",515.2218231
2021-09-30,38,North Dakota,Male,"Native Hawaiian and Other Pacific Islander, alone",0.881563317
2021-09-30,38,North Dakota,Male,"Some other race, alone",434.4077603999999
2021-09-30,38,North Dakota,Male,Two or more races,1215.162543
2021-09-30,38,North Dakota,Male,Hispanic or Latino (of any race),1113.254793
2021-09-30,38,North Dakota,Male,"White alone, Not Hispanic or Latino",42317.968689999994
2021-09-30,39,Ohio,Female,Total,67564.81462
2021-09-30,39,Ohio,Female,"White, alone",55863.283410000004
2021-09-30,39,Ohio,Female,"Black or African American, alone",8673.912693
2021-09-30,39,Ohio,Female,"American Indian and Alaska Native, alone",180.4393016
2021-09-30,39,Ohio,Female,"Asian, alone",793.5645322
2021-09-30,39,Ohio,Female,"Native Hawaiian and Other Pacific Islander, alone",3.9343336769999997
2021-09-30,39,Ohio,Female,"Some other race, alone",835.8581538999999
2021-09-30,39,Ohio,Female,Two or more races,1213.822187
2021-09-30,39,Ohio,Female,Hispanic or Latino (of any race),3294.07699
2021-09-30,39,Ohio,Female,"White alone, Not Hispanic or Latino",53219.95586
2021-09-30,39,Ohio,Male,Total,658426.1186
2021-09-30,39,Ohio,Male,"White, alone",575302.0509
2021-09-30,39,Ohio,Male,"Black or African American, alone",62456.49875
2021-09-30,39,Ohio,Male,"American Indian and Alaska Native, alone",2462.574278
2021-09-30,39,Ohio,Male,"Asian, alone",4705.5619560000005
2021-09-30,39,Ohio,Male,"Native Hawaiian and Other Pacific Islander, alone",147.047269
2021-09-30,39,Ohio,Male,"Some other race, alone",2572.8052399999997
2021-09-30,39,Ohio,Male,Two or more races,10779.5802
2021-09-30,39,Ohio,Male,Hispanic or Latino (of any race),14197.218190000001
2021-09-30,39,Ohio,Male,"White alone, Not Hispanic or Latino",565440.131
2021-09-30,40,Oklahoma,Female,Total,30669.312439999998
2021-09-30,40,Oklahoma,Female,"White, alone",22486.43089
2021-09-30,40,Oklahoma,Female,"Black or African American, alone",5094.122602
2021-09-30,40,Oklahoma,Female,"American Indian and Alaska Native, alone",2063.003796
2021-09-30,40,Oklahoma,Female,"Asian, alone",218.25505440000003
2021-09-30,40,Oklahoma,Female,"Native Hawaiian and Other Pacific Islander, alone",138.81854950000002
2021-09-30,40,Oklahoma,Female,"Some other race, alone",289.2297233
2021-09-30,40,Oklahoma,Female,Two or more races,379.4518197
2021-09-30,40,Oklahoma,Female,Hispanic or Latino (of any race),2091.425786
2021-09-30,40,Oklahoma,Female,"White alone, Not Hispanic or Latino",20773.47506
2021-09-30,40,Oklahoma,Male,Total,259596.4304
2021-09-30,40,Oklahoma,Male,"White, alone",208287.9336
2021-09-30,40,Oklahoma,Male,"Black or African American, alone",17576.23506
2021-09-30,40,Oklahoma,Male,"American Indian and Alaska Native, alone",14780.88135
2021-09-30,40,Oklahoma,Male,"Asian, alone",2509.601766
2021-09-30,40,Oklahoma,Male,"Native Hawaiian and Other Pacific Islander, alone",197.798402
2021-09-30,40,Oklahoma,Male,"Some other race, alone",4521.312373
2021-09-30,40,Oklahoma,Male,Two or more races,11722.667809999999
2021-09-30,40,Oklahoma,Male,Hispanic or Latino (of any race),11919.03424
2021-09-30,40,Oklahoma,Male,"White alone, Not Hispanic or Latino",201242.3478
2021-09-30,41,Oregon,Female,Total,27986.3385
2021-09-30,41,Oregon,Female,"White, alone",24731.993280000002
2021-09-30,41,Oregon,Female,"Black or African American, alone",423.91279469999995
2021-09-30,41,Oregon,Female,"American Indian and Alaska Native, alone",151.3849907
2021-09-30,41,Oregon,Female,"Asian, alone",799.7119119
2021-09-30,41,Oregon,Female,"Native Hawaiian and Other Pacific Islander, alone",3.0587678019999998
2021-09-30,41,Oregon,Female,"Some other race, alone",489.3637912
2021-09-30,41,Oregon,Female,Two or more races,1386.912974
2021-09-30,41,Oregon,Female,Hispanic or Latino (of any race),2189.595023
2021-09-30,41,Oregon,Female,"White alone, Not Hispanic or Latino",23492.01446
2021-09-30,41,Oregon,Male,Total,262048.581
2021-09-30,41,Oregon,Male,"White, alone",238565.2243
2021-09-30,41,Oregon,Male,"Black or African American, alone",4289.923665
2021-09-30,41,Oregon,Male,"American Indian and Alaska Native, alone",4017.148642
2021-09-30,41,Oregon,Male,"Asian, alone",4065.9473799999996
2021-09-30,41,Oregon,Male,"Native Hawaiian and Other Pacific Islander, alone",1017.42855
2021-09-30,41,Oregon,Male,"Some other race, alone",1151.534738
2021-09-30,41,Oregon,Male,Two or more races,8941.373678
2021-09-30,41,Oregon,Male,Hispanic or Latino (of any race),10494.85868
2021-09-30,41,Oregon,Male,"White alone, Not Hispanic or Latino",231164.9107
2021-09-30,42,Pennsylvania,Female,Total,66240.45946
2021-09-30,42,Pennsylvania,Female,"White, alone",55606.6421
2021-09-30,42,Pennsylvania,Female,"Black or African American, alone",6785.857876000001
2021-09-30,42,Pennsylvania,Female,"American Indian and Alaska Native, alone",186.2120401
2021-09-30,42,Pennsylvania,Female,"Asian, alone",869.7369528999999
2021-09-30,42,Pennsylvania,Female,"Native Hawaiian and Other Pacific Islander, alone",419.1283415
2021-09-30,42,Pennsylvania,Female,"Some other race, alone",663.6677485
2021-09-30,42,Pennsylvania,Female,Two or more races,1709.2144039999998
2021-09-30,42,Pennsylvania,Female,Hispanic or Latino (of any race),5352.386271
2021-09-30,42,Pennsylvania,Female,"White alone, Not Hispanic or Latino",51855.818119999996
2021-09-30,42,Pennsylvania,Male,Total,704567.1102
2021-09-30,42,Pennsylvania,Male,"White, alone",618227.9345
2021-09-30,42,Pennsylvania,Male,"Black or African American, alone",62419.091960000005
2021-09-30,42,Pennsylvania,Male,"American Indian and Alaska Native, alone",1789.7017030000002
2021-09-30,42,Pennsylvania,Male,"Asian, alone",4415.5707520000005
2021-09-30,42,Pennsylvania,Male,"Native Hawaiian and Other Pacific Islander, alone",127.7876688
2021-09-30,42,Pennsylvania,Male,"Some other race, alone",7109.882209
2021-09-30,42,Pennsylvania,Male,Two or more races,10477.141309999999
2021-09-30,42,Pennsylvania,Male,Hispanic or Latino (of any race),26827.35724
2021-09-30,42,Pennsylvania,Male,"White alone, Not Hispanic or Latino",600951.4548
2021-09-30,44,Rhode Island,Female,Total,5233.920627
2021-09-30,44,Rhode Island,Female,"White, alone",3836.2129189999996
2021-09-30,44,Rhode Island,Female,"Black or African American, alone",502.40977460000005
2021-09-30,44,Rhode Island,Female,"American Indian and Alaska Native, alone",181.1218961
2021-09-30,44,Rhode Island,Female,"Asian, alone",104.4874367
2021-09-30,44,Rhode Island,Female,"Native Hawaiian and Other Pacific Islander, alone",7.960634227000001
2021-09-30,44,Rhode Island,Female,"Some other race, alone",512.0592138000001
2021-09-30,44,Rhode Island,Female,Two or more races,89.66875268
2021-09-30,44,Rhode Island,Female,Hispanic or Latino (of any race),777.7824109000001
2021-09-30,44,Rhode Island,Female,"White alone, Not Hispanic or Latino",3568.237514
2021-09-30,44,Rhode Island,Male,Total,55273.602170000006
2021-09-30,44,Rhode Island,Male,"White, alone",50443.16556
2021-09-30,44,Rhode Island,Male,"Black or African American, alone",1739.640484
2021-09-30,44,Rhode Island,Male,"American Indian and Alaska Native, alone",234.8601787
2021-09-30,44,Rhode Island,Male,"Asian, alone",645.9852056
2021-09-30,44,Rhode Island,Male,"Native Hawaiian and Other Pacific Islander, alone",1.132979558
2021-09-30,44,Rhode Island,Male,"Some other race, alone",507.5000108
2021-09-30,44,Rhode Island,Male,Two or more races,1701.317757
2021-09-30,44,Rhode Island,Male,Hispanic or Latino (of any race),2486.4724850000002
2021-09-30,44,Rhode Island,Male,"White alone, Not Hispanic or Latino",48798.6795
2021-09-30,45,South Carolina,Female,Total,46748.87625
2021-09-30,45,South Carolina,Female,"White, alone",28550.581189999997
2021-09-30,45,South Carolina,Female,"Black or African American, alone",16249.46794
2021-09-30,45,South Carolina,Female,"American Indian and Alaska Native, alone",82.64647752
2021-09-30,45,South Carolina,Female,"Asian, alone",26.30658616
2021-09-30,45,South Carolina,Female,"Native Hawaiian and Other Pacific Islander, alone",475.6165574
2021-09-30,45,South Carolina,Female,"Some other race, alone",430.96896519999996
2021-09-30,45,South Carolina,Female,Two or more races,933.2885441
2021-09-30,45,South Carolina,Female,Hispanic or Latino (of any race),2879.160479
2021-09-30,45,South Carolina,Female,"White alone, Not Hispanic or Latino",26634.88656
2021-09-30,45,South Carolina,Male,Total,347042.8399
2021-09-30,45,South Carolina,Male,"White, alone",257968.0392
2021-09-30,45,South Carolina,Male,"Black or African American, alone",77542.45711
2021-09-30,45,South Carolina,Male,"American Indian and Alaska Native, alone",1004.5923779999999
2021-09-30,45,South Carolina,Male,"Asian, alone",1576.576307
2021-09-30,45,South Carolina,Male,"Native Hawaiian and Other Pacific Islander, alone",167.21240480000003
2021-09-30,45,South Carolina,Male,"Some other race, alone",1445.177393
2021-09-30,45,South Carolina,Male,Two or more races,7338.785131000001
2021-09-30,45,South Carolina,Male,Hispanic or Latino (of any race),8560.287898
2021-09-30,45,South Carolina,Male,"White alone, Not Hispanic or Latino",251713.3476
2021-09-30,46,South Dakota,Female,Total,6842.626323
2021-09-30,46,South Dakota,Female,"White, alone",5721.041088
2021-09-30,46,South Dakota,Female,"Black or African American, alone",337.9877688
2021-09-30,46,South Dakota,Female,"American Indian and Alaska Native, alone",486.98113
2021-09-30,46,South Dakota,Female,"Asian, alone",47.55782012
2021-09-30,46,South Dakota,Female,"Native Hawaiian and Other Pacific Islander, alone",7.013957116
2021-09-30,46,South Dakota,Female,"Some other race, alone",164.15291919999999
2021-09-30,46,South Dakota,Female,Two or more races,77.8916392
2021-09-30,46,South Dakota,Female,Hispanic or Latino (of any race),457.9774216
2021-09-30,46,South Dakota,Female,"White alone, Not Hispanic or Latino",5457.814869
2021-09-30,46,South Dakota,Male,Total,57107.40851
2021-09-30,46,South Dakota,Male,"White, alone",50591.7542
2021-09-30,46,South Dakota,Male,"Black or African American, alone",939.9461636
2021-09-30,46,South Dakota,Male,"American Indian and Alaska Native, alone",3963.8123560000004
2021-09-30,46,South Dakota,Male,"Asian, alone",184.91064340000003
2021-09-30,46,South Dakota,Male,"Native Hawaiian and Other Pacific Islander, alone",3.1274903239999996
2021-09-30,46,South Dakota,Male,"Some other race, alone",33.47936751
2021-09-30,46,South Dakota,Male,Two or more races,1390.3782820000001
2021-09-30,46,South Dakota,Male,Hispanic or Latino (of any race),1056.7300619999999
2021-09-30,46,South Dakota,Male,"White alone, Not Hispanic or Latino",49736.97985
2021-09-30,47,Tennessee,Female,Total,47637.48726
2021-09-30,47,Tennessee,Female,"White, alone",35767.14829
2021-09-30,47,Tennessee,Female,"Black or African American, alone",9799.219093000002
2021-09-30,47,Tennessee,Female,"American Indian and Alaska Native, alone",290.7462695
2021-09-30,47,Tennessee,Female,"Asian, alone",385.5376205
2021-09-30,47,Tennessee,Female,"Native Hawaiian and Other Pacific Islander, alone",3.5642547660000004
2021-09-30,47,Tennessee,Female,"Some other race, alone",446.3505208000001
2021-09-30,47,Tennessee,Female,Two or more races,944.9212147
2021-09-30,47,Tennessee,Female,Hispanic or Latino (of any race),1733.455985
2021-09-30,47,Tennessee,Female,"White alone, Not Hispanic or Latino",35135.236410000005
2021-09-30,47,Tennessee,Male,Total,401625.2824
2021-09-30,47,Tennessee,Male,"White, alone",336182.8876
2021-09-30,47,Tennessee,Male,"Black or African American, alone",54146.15626
2021-09-30,47,Tennessee,Male,"American Indian and Alaska Native, alone",513.2053176
2021-09-30,47,Tennessee,Male,"Asian, alone",2619.4966210000002
2021-09-30,47,Tennessee,Male,"Native Hawaiian and Other Pacific Islander, alone",370.1930626
2021-09-30,47,Tennessee,Male,"Some other race, alone",2337.6505
2021-09-30,47,Tennessee,Male,Two or more races,5455.693034000001
2021-09-30,47,Tennessee,Male,Hispanic or Latino (of any race),10002.649440000001
2021-09-30,47,Tennessee,Male,"White alone, Not Hispanic or Latino",329607.8542
2021-09-30,48,Texas,Female,Total,193417.6489
2021-09-30,48,Texas,Female,"White, alone",132612.8931
2021-09-30,48,Texas,Female,"Black or African American, alone",41784.34051
2021-09-30,48,Texas,Female,"American Indian and Alaska Native, alone",1999.443823
2021-09-30,48,Texas,Female,"Asian, alone",3961.2318880000003
2021-09-30,48,Texas,Female,"Native Hawaiian and Other Pacific Islander, alone",420.7787658
2021-09-30,48,Texas,Female,"Some other race, alone",4330.961507
2021-09-30,48,Texas,Female,Two or more races,8307.999344
2021-09-30,48,Texas,Female,Hispanic or Latino (of any race),39643.13802
2021-09-30,48,Texas,Female,"White alone, Not Hispanic or Latino",103992.5616
2021-09-30,48,Texas,Male,Total,1369142.4540000001
2021-09-30,48,Texas,Male,"White, alone",1089733.398
2021-09-30,48,Texas,Male,"Black or African American, alone",187196.4935
2021-09-30,48,Texas,Male,"American Indian and Alaska Native, alone",7584.978708
2021-09-30,48,Texas,Male,"Asian, alone",18892.51856
2021-09-30,48,Texas,Male,"Native Hawaiian and Other Pacific Islander, alone",2922.703605
2021-09-30,48,Texas,Male,"Some other race, alone",30115.9916
2021-09-30,48,Texas,Male,Two or more races,32696.37061
2021-09-30,48,Texas,Male,Hispanic or Latino (of any race),269653.7893
2021-09-30,48,Texas,Male,"White alone, Not Hispanic or Latino",867035.7395
2021-09-30,49,Utah,Female,Total,11949.67107
2021-09-30,49,Utah,Female,"White, alone",10598.55775
2021-09-30,49,Utah,Female,"Black or African American, alone",252.2998478
2021-09-30,49,Utah,Female,"American Indian and Alaska Native, alone",10.58117863
2021-09-30,49,Utah,Female,"Asian, alone",390.782685
2021-09-30,49,Utah,Female,"Native Hawaiian and Other Pacific Islander, alone",164.1236085
2021-09-30,49,Utah,Female,"Some other race, alone",42.4972583
2021-09-30,49,Utah,Female,Two or more races,490.8287426
2021-09-30,49,Utah,Female,Hispanic or Latino (of any race),799.055615
2021-09-30,49,Utah,Female,"White alone, Not Hispanic or Latino",9928.584343999999
2021-09-30,49,Utah,Male,Total,120169.9077
2021-09-30,49,Utah,Male,"White, alone",109775.4097
2021-09-30,49,Utah,Male,"Black or African American, alone",2231.913619
2021-09-30,49,Utah,Male,"American Indian and Alaska Native, alone",868.3909778999999
2021-09-30,49,Utah,Male,"Asian, alone",672.6162191000001
2021-09-30,49,Utah,Male,"Native Hawaiian and Other Pacific Islander, alone",697.0406389
2021-09-30,49,Utah,Male,"Some other race, alone",2029.3768100000002
2021-09-30,49,Utah,Male,Two or more races,3895.1596799999998
2021-09-30,49,Utah,Male,Hispanic or Latino (of any race),6592.356171
2021-09-30,49,Utah,Male,"White alone, Not Hispanic or Latino",105546.4984
2021-09-30,50,Vermont,Female,Total,3841.916642
2021-09-30,50,Vermont,Female,"White, alone",3274.022817
2021-09-30,50,Vermont,Female,"Black or African American, alone",312.5787816
2021-09-30,50,Vermont,Female,"American Indian and Alaska Native, alone",14.19284466
2021-09-30,50,Vermont,Female,"Asian, alone",40.22856905
2021-09-30,50,Vermont,Female,"Native Hawaiian and Other Pacific Islander, alone",6.896123222000001
2021-09-30,50,Vermont,Female,"Some other race, alone",34.64825609
2021-09-30,50,Vermont,Female,Two or more races,159.3492501
2021-09-30,50,Vermont,Female,Hispanic or Latino (of any race),259.9770557
2021-09-30,50,Vermont,Female,"White alone, Not Hispanic or Latino",3168.438477
2021-09-30,50,Vermont,Male,Total,37379.47415
2021-09-30,50,Vermont,Male,"White, alone",35641.43151
2021-09-30,50,Vermont,Male,"Black or African American, alone",142.1593235
2021-09-30,50,Vermont,Male,"American Indian and Alaska Native, alone",401.86055580000004
2021-09-30,50,Vermont,Male,"Asian, alone",32.57216639
2021-09-30,50,Vermont,Male,"Native Hawaiian and Other Pacific Islander, alone",2.506201936
2021-09-30,50,Vermont,Male,"Some other race, alone",33.644958200000005
2021-09-30,50,Vermont,Male,Two or more races,1125.299433
2021-09-30,50,Vermont,Male,Hispanic or Latino (of any race),704.1602730000001
2021-09-30,50,Vermont,Male,"White alone, Not Hispanic or Latino",35121.74126
2021-09-30,51,Virginia,Female,Total,109368.4432
2021-09-30,51,Virginia,Female,"White, alone",65324.10072
2021-09-30,51,Virginia,Female,"Black or African American, alone",32333.961880000003
2021-09-30,51,Virginia,Female,"American Indian and Alaska Native, alone",264.9349515
2021-09-30,51,Virginia,Female,"Asian, alone",2868.57857
2021-09-30,51,Virginia,Female,"Native Hawaiian and Other Pacific Islander, alone",29.36031523
2021-09-30,51,Virginia,Female,"Some other race, alone",3170.882809
2021-09-30,51,Virginia,Female,Two or more races,5376.62395
2021-09-30,51,Virginia,Female,Hispanic or Latino (of any race),9508.841599
2021-09-30,51,Virginia,Female,"White alone, Not Hispanic or Latino",59484.18603
2021-09-30,51,Virginia,Male,Total,603975.8957
2021-09-30,51,Virginia,Male,"White, alone",441473.8673
2021-09-30,51,Virginia,Male,"Black or African American, alone",124098.5685
2021-09-30,51,Virginia,Male,"American Indian and Alaska Native, alone",956.8693278999999
2021-09-30,51,Virginia,Male,"Asian, alone",13501.714880000001
2021-09-30,51,Virginia,Male,"Native Hawaiian and Other Pacific Islander, alone",467.9882556
2021-09-30,51,Virginia,Male,"Some other race, alone",7675.152013
2021-09-30,51,Virginia,Male,Two or more races,15801.73544
2021-09-30,51,Virginia,Male,Hispanic or Latino (of any race),31634.10956
2021-09-30,51,Virginia,Male,"White alone, Not Hispanic or Latino",421268.5992
2021-09-30,53,Washington,Female,Total,61964.90311
2021-09-30,53,Washington,Female,"White, alone",49820.80733
2021-09-30,53,Washington,Female,"Black or African American, alone",3523.6936159999996
2021-09-30,53,Washington,Female,"American Indian and Alaska Native, alone",345.16641749999997
2021-09-30,53,Washington,Female,"Asian, alone",2146.567686
2021-09-30,53,Washington,Female,"Native Hawaiian and Other Pacific Islander, alone",1579.133149
2021-09-30,53,Washington,Female,"Some other race, alone",745.0263395
2021-09-30,53,Washington,Female,Two or more races,3804.5085649999996
2021-09-30,53,Washington,Female,Hispanic or Latino (of any race),4070.0366229999995
2021-09-30,53,Washington,Female,"White alone, Not Hispanic or Latino",46990.251169999996
2021-09-30,53,Washington,Male,Total,484926.9544
2021-09-30,53,Washington,Male,"White, alone",412846.0022
2021-09-30,53,Washington,Male,"Black or African American, alone",27977.25149
2021-09-30,53,Washington,Male,"American Indian and Alaska Native, alone",4047.3278259999997
2021-09-30,53,Washington,Male,"Asian, alone",13272.4872
2021-09-30,53,Washington,Male,"Native Hawaiian and Other Pacific Islander, alone",2935.825932
2021-09-30,53,Washington,Male,"Some other race, alone",6241.014609000001
2021-09-30,53,Washington,Male,Two or more races,17607.04508
2021-09-30,53,Washington,Male,Hispanic or Latino (of any race),25855.967
2021-09-30,53,Washington,Male,"White alone, Not Hispanic or Latino",396053.0202
2021-09-30,54,West Virginia,Female,Total,12168.16984
2021-09-30,54,West Virginia,Female,"White, alone",11286.4579
2021-09-30,54,West Virginia,Female,"Black or African American, alone",568.1471533
2021-09-30,54,West Virginia,Female,"American Indian and Alaska Native, alone",36.82086109
2021-09-30,54,West Virginia,Female,"Asian, alone",150.2938875
2021-09-30,54,West Virginia,Female,"Native Hawaiian and Other Pacific Islander, alone",3.003491331
2021-09-30,54,West Virginia,Female,"Some other race, alone",15.61795112
2021-09-30,54,West Virginia,Female,Two or more races,107.8285959
2021-09-30,54,West Virginia,Female,Hispanic or Latino (of any race),67.42734773
2021-09-30,54,West Virginia,Female,"White alone, Not Hispanic or Latino",11246.7146
2021-09-30,54,West Virginia,Male,Total,123955.9074
2021-09-30,54,West Virginia,Male,"White, alone",116968.1409
2021-09-30,54,West Virginia,Male,"Black or African American, alone",4626.074259
2021-09-30,54,West Virginia,Male,"American Indian and Alaska Native, alone",78.35477716
2021-09-30,54,West Virginia,Male,"Asian, alone",645.6831877000001
2021-09-30,54,West Virginia,Male,"Native Hawaiian and Other Pacific Islander, alone",1.6386905319999998
2021-09-30,54,West Virginia,Male,"Some other race, alone",140.52925259999998
2021-09-30,54,West Virginia,Male,Two or more races,1495.486277
2021-09-30,54,West Virginia,Male,Hispanic or Latino (of any race),954.5514932
2021-09-30,54,West Virginia,Male,"White alone, Not Hispanic or Latino",116171.6948
2021-09-30,55,Wisconsin,Female,Total,31589.985810000002
2021-09-30,55,Wisconsin,Female,"White, alone",27932.99474
2021-09-30,55,Wisconsin,Female,"Black or African American, alone",2430.531602
2021-09-30,55,Wisconsin,Female,"American Indian and Alaska Native, alone",421.28175989999994
2021-09-30,55,Wisconsin,Female,"Asian, alone",12.38105163
2021-09-30,55,Wisconsin,Female,"Native Hawaiian and Other Pacific Islander, alone",2.829688591
2021-09-30,55,Wisconsin,Female,"Some other race, alone",10.90232972
2021-09-30,55,Wisconsin,Female,Two or more races,779.0646407
2021-09-30,55,Wisconsin,Female,Hispanic or Latino (of any race),704.1122943
2021-09-30,55,Wisconsin,Female,"White alone, Not Hispanic or Latino",27249.269360000002
2021-09-30,55,Wisconsin,Male,Total,311233.3011
2021-09-30,55,Wisconsin,Male,"White, alone",288749.37899999996
2021-09-30,55,Wisconsin,Male,"Black or African American, alone",10687.73095
2021-09-30,55,Wisconsin,Male,"American Indian and Alaska Native, alone",3753.238474
2021-09-30,55,Wisconsin,Male,"Asian, alone",2239.87524
2021-09-30,55,Wisconsin,Male,"Native Hawaiian and Other Pacific Islander, alone",152.3735565
2021-09-30,55,Wisconsin,Male,"Some other race, alone",1911.664159
2021-09-30,55,Wisconsin,Male,Two or more races,3739.039708
2021-09-30,55,Wisconsin,Male,Hispanic or Latino (of any race),9000.888844
2021-09-30,55,Wisconsin,Male,"White alone, Not Hispanic or Latino",282018.434
2021-09-30,56,Wyoming,Female,Total,4932.512252
2021-09-30,56,Wyoming,Female,"White, alone",3995.1855490000003
2021-09-30,56,Wyoming,Female,"Black or African American, alone",323.8938818
2021-09-30,56,Wyoming,Female,"American Indian and Alaska Native, alone",423.65639469999996
2021-09-30,56,Wyoming,Female,"Asian, alone",72.52884978
2021-09-30,56,Wyoming,Female,"Native Hawaiian and Other Pacific Islander, alone",7.383268897000001
2021-09-30,56,Wyoming,Female,"Some other race, alone",42.37511453
2021-09-30,56,Wyoming,Female,Two or more races,67.48919283
2021-09-30,56,Wyoming,Female,Hispanic or Latino (of any race),385.1724586
2021-09-30,56,Wyoming,Female,"White alone, Not Hispanic or Latino",3678.356565
2021-09-30,56,Wyoming,Male,Total,41911.89069
2021-09-30,56,Wyoming,Male,"White, alone",38501.982789999995
2021-09-30,56,Wyoming,Male,"Black or African American, alone",1246.406432
2021-09-30,56,Wyoming,Male,"American Indian and Alaska Native, alone",549.6985983
2021-09-30,56,Wyoming,Male,"Asian, alone",202.94948349999999
2021-09-30,56,Wyoming,Male,"Native Hawaiian and Other Pacific Islander, alone",2.313455989
2021-09-30,56,Wyoming,Male,"Some other race, alone",705.0696306
2021-09-30,56,Wyoming,Male,Two or more races,703.4703003
2021-09-30,56,Wyoming,Male,Hispanic or Latino (of any race),1611.94591
2021-09-30,56,Wyoming,Male,"White alone, Not Hispanic or Latino",37624.45493
2021-09-30,72,Puerto Rico,Female,Total,4139.744787
2021-09-30,72,Puerto Rico,Female,"White, alone",3025.898111
2021-09-30,72,Puerto Rico,Female,"Black or African American, alone",648.0537623
2021-09-30,72,Puerto Rico,Female,"American Indian and Alaska Native, alone",0.04907712400000001
2021-09-30,72,Puerto Rico,Female,"Asian, alone",0.04907712400000001
2021-09-30,72,Puerto Rico,Female,"Native Hawaiian and Other Pacific Islander, alone",0.04907712400000001
2021-09-30,72,Puerto Rico,Female,"Some other race, alone",383.4270063
2021-09-30,72,Puerto Rico,Female,Two or more races,82.21867639
2021-09-30,72,Puerto Rico,Female,Hispanic or Latino (of any race),3976.2987359999997
2021-09-30,72,Puerto Rico,Female,"White alone, Not Hispanic or Latino",136.93218969999998
2021-09-30,72,Puerto Rico,Male,Total,62116.64272999999
2021-09-30,72,Puerto Rico,Male,"White, alone",40721.17439
2021-09-30,72,Puerto Rico,Male,"Black or African American, alone",9513.46906
2021-09-30,72,Puerto Rico,Male,"American Indian and Alaska Native, alone",60.52501536
2021-09-30,72,Puerto Rico,Male,"Asian, alone",0.6832780890000001
2021-09-30,72,Puerto Rico,Male,"Native Hawaiian and Other Pacific Islander, alone",0.0
2021-09-30,72,Puerto Rico,Male,"Some other race, alone",8820.640215000001
2021-09-30,72,Puerto Rico,Male,Two or more races,3000.150772
2021-09-30,72,Puerto Rico,Male,Hispanic or Latino (of any race),60589.5841
2021-09-30,72,Puerto Rico,Male,"White alone, Not Hispanic or Latino",1047.688611
2021-09-30,99,Island Areas & Foreign,Female,Total,5570.620003
2021-09-30,99,Island Areas & Foreign,Female,"White, alone",2920.1161
2021-09-30,99,Island Areas & Foreign,Female,"Black or African American, alone",1239.6670800000002
2021-09-30,99,Island Areas & Foreign,Female,"American Indian and Alaska Native, alone",59.26373786
2021-09-30,99,Island Areas & Foreign,Female,"Asian, alone",435.816145
2021-09-30,99,Island Areas & Foreign,Female,"Native Hawaiian and Other Pacific Islander, alone",587.0724759
2021-09-30,99,Island Areas & Foreign,Female,"Some other race, alone",93.83885926
2021-09-30,99,Island Areas & Foreign,Female,Two or more races,234.8456051
2021-09-30,99,Island Areas & Foreign,Female,Hispanic or Latino (of any race),443.4968131
2021-09-30,99,Island Areas & Foreign,Female,"White alone, Not Hispanic or Latino",2654.288736
2021-09-30,99,Island Areas & Foreign,Male,Total,79655.4978
2021-09-30,99,Island Areas & Foreign,Male,"White, alone",56110.985420000005
2021-09-30,99,Island Areas & Foreign,Male,"Black or African American, alone",11087.78865
2021-09-30,99,Island Areas & Foreign,Male,"American Indian and Alaska Native, alone",702.7572989
2021-09-30,99,Island Areas & Foreign,Male,"Asian, alone",4179.029399
2021-09-30,99,Island Areas & Foreign,Male,"Native Hawaiian and Other Pacific Islander, alone",4534.4398439999995
2021-09-30,99,Island Areas & Foreign,Male,"Some other race, alone",1063.343066
2021-09-30,99,Island Areas & Foreign,Male,Two or more races,1977.1541170000003
2021-09-30,99,Island Areas & Foreign,Male,Hispanic or Latino (of any race),5776.144499
2021-09-30,99,Island Areas & Foreign,Male,"White alone, Not Hispanic or Latino",52529.1228
